clean_name,Voto,Fantavoto,Giornata
carnesecchi,6.5,5.5,1
djimsiti,5.0,5.0,1
bellanova,5.5,5.5,1
scalvini,5.5,5.5,1
hien,5.0,3.0,1
de roon,5.5,5.5,1
pasalic,6.0,7.0,1
maldini,5.5,5.0,1
zalewski,6.5,6.5,1
ederson ds,5.5,5.5,1
scamacca,7.0,10.0,1
sulemana k,6.0,5.5,1
de ketelaere,5.5,5.5,1
krstovic,5.5,5.5,1
juric,5.5,5.0,1
skorupski,6.0,5.0,1
de silvestri,6.0,6.0,1
lykogiannis,5.0,5.0,1
zortea,5.5,5.5,1
casale,5.5,5.5,1
lucumì,5.0,5.0,1
vitik,6.0,6.0,1
freuler,6.0,5.5,1
orsolini,6.0,6.0,1
odgaard,5.0,5.0,1
pobega,5.0,5.0,1
fabbian,6.0,6.0,1
immobile,6.0,6.0,1
cambiaghi,5.0,5.0,1
castro s,6.5,6.5,1
italiano,5.5,5.5,1
caprile,6.0,5.0,1
luperto,7.0,10.0,1
mina,5.5,5.5,1
zappa,6.0,6.0,1
obert,6.0,5.5,1
idrissi r,6.0,6.0,1
deiola,6.0,6.0,1
mazzitelli,6.0,5.5,1
gaetano,6.5,7.5,1
adopo,6.0,6.0,1
folorunsho,6.0,6.0,1
prati,6.0,6.0,1
esposito se,6.0,6.0,1
luvumbo,6.0,6.0,1
borrelli,5.5,5.0,1
pisacane,6.5,6.5,1
butez,6.0,6.0,1
vojvoda,7.0,7.0,1
valle,6.5,6.5,1
ramon,7.0,7.0,1
kempf,6.0,6.0,1
van der brempt,6.0,5.5,1
smolcic i,6.0,6.0,1
da cunha,6.5,6.5,1
perrone,6.5,6.5,1
paz n,7.5,11.0,1
morata,6.0,6.0,1
douvikas,7.0,10.0,1
rodriguez je,6.5,6.5,1
fabregas,7.0,7.0,1
audero,6.5,5.5,1
bianchetti,6.5,6.5,1
pezzella giu,6.5,7.5,1
terracciano f,6.5,6.0,1
baschirotto,8.0,11.0,1
grassi,5.5,5.0,1
bondo,6.0,5.5,1
zerbin,7.0,8.0,1
payero,6.0,5.5,1
collocolo,6.5,6.5,1
vandeputte,6.0,6.0,1
sanabria,6.0,6.0,1
bonazzoli,7.5,10.5,1
okereke,6.0,6.0,1
nicola,7.0,7.0,1
de gea,5.5,4.5,1
gosens,6.5,6.5,1
ranieri l,6.0,6.0,1
marì,5.0,4.5,1
parisi,5.5,5.5,1
pongracic,6.0,5.5,1
viti,6.0,6.0,1
dodò,6.0,6.0,1
comuzzo,6.0,6.0,1
mandragora,7.0,10.0,1
fagioli,6.0,6.0,1
sohm,5.5,5.5,1
gudmundsson a,6.5,7.5,1
fazzini,6.0,6.0,1
ndour,5.5,5.5,1
kean,5.0,5.0,1
pioli,6.0,6.0,1
leali,6.0,6.0,1
martin,6.0,5.5,1
vasquez,6.5,6.5,1
marcandalli,6.5,6.5,1
norton-cuffy,5.0,5.0,1
messias,5.5,5.5,1
frendrup,6.0,6.0,1
ellertsson,6.0,6.0,1
carboni v,6.0,6.0,1
gronbaek,5.5,5.5,1
masini,6.0,6.0,1
stanciu,6.0,6.0,1
colombo,5.0,5.0,1
ekhator,5.5,5.0,1
vieira p,5.5,5.5,1
sommer,6.0,6.0,1
dimarco,6.5,6.5,1
acerbi,6.5,6.5,1
bastoni,7.5,11.5,1
pavard,6.5,6.5,1
dumfries,6.5,6.5,1
carlos augusto,6.0,6.0,1
barella,6.5,7.5,1
mkhitaryan,6.5,6.5,1
sucic p,7.0,8.0,1
martinez l,7.5,11.5,1
thuram,7.5,13.5,1
bonny,7.0,10.0,1
chivu,8.0,8.0,1
di gregorio,6.0,6.0,1
bremer,6.5,6.5,1
kalulu,6.0,6.0,1
cambiaso,4.5,3.5,1
gatti,6.0,5.5,1
kelly l,6.0,6.0,1
joao mario,6.0,6.0,1
locatelli,6.5,6.5,1
thuram k,6.5,6.5,1
koopmeiners,6.0,6.0,1
conceicao,6.5,6.5,1
vlahovic,7.0,10.0,1
david,7.0,10.0,1
yildiz,7.5,9.5,1
tudor,7.0,6.5,1
provedel,6.0,4.0,1
marusic,5.5,5.5,1
lazzari,5.0,5.0,1
pellegrini lu,5.5,5.5,1
tavares n,5.0,5.0,1
gila,5.5,5.5,1
provstgaard,5.5,5.5,1
cataldi,5.0,5.0,1
zaccagni,5.0,4.5,1
guendouzi,5.5,5.0,1
rovella,5.5,5.5,1
dele-bashiru,5.0,5.0,1
pedro,5.5,5.5,1
cancellieri,5.5,5.5,1
dia,5.5,5.5,1
castellanos,5.5,5.0,1
sarri,5.0,5.0,1
falcone,7.0,7.0,1
gallo,6.5,6.5,1
gaspar k,6.5,6.5,1
tiago gabriel,6.5,6.5,1
veiga d,6.0,5.5,1
kouassi,6.0,6.0,1
sottil,5.5,5.5,1
coulibaly l,6.5,6.5,1
berisha m,5.5,5.5,1
ramadani,6.0,6.0,1
kaba,6.0,6.0,1
tete morente,5.5,5.0,1
banda,5.5,5.0,1
camarda,5.0,5.0,1
di francesco,6.0,6.0,1
maignan,6.0,4.0,1
gabbia,6.0,6.0,1
tomori,6.0,6.0,1
pavlovic,6.5,9.5,1
estupinan,6.0,7.0,1
jimenez a,5.5,5.0,1
pulisic,6.0,6.0,1
modric,6.5,6.5,1
loftus-cheek,5.5,5.5,1
fofana y,5.0,5.0,1
chukwueze,5.5,5.5,1
saelemaekers,6.0,6.0,1
jashari,5.5,5.5,1
gimenez,5.0,5.0,1
allegri,5.0,5.0,1
meret,6.0,6.0,1
juan jesus,6.5,6.5,1
di lorenzo,6.0,6.0,1
rrahmani,6.5,6.5,1
olivera,6.0,6.0,1
politano,7.0,8.0,1
de bruyne,7.0,10.0,1
zambo anguissa,7.0,7.0,1
lobotka,6.0,6.0,1
mctominay,7.5,10.5,1
neres,6.0,6.0,1
lucca,5.5,5.0,1
conte,7.0,7.0,1
suzuki,6.5,4.0,1
valenti,6.0,6.0,1
valeri,5.5,5.5,1
circati,5.0,5.0,1
delprato,6.0,6.0,1
lovik,6.0,6.0,1
bernabè,6.0,6.0,1
keita m,5.5,5.5,1
ordonez c,5.5,5.5,1
sorensen o,6.0,5.5,1
almqvist,6.0,6.0,1
pellegrino m,6.0,6.0,1
cuesta,5.5,5.5,1
semper,6.5,5.5,1
cuadrado,6.0,6.0,1
caracciolo a,6.5,6.5,1
calabresi,6.0,6.0,1
canestrelli,6.5,6.5,1
angori,7.0,7.0,1
denoon,5.5,5.5,1
tramoni m,6.0,6.0,1
aebischer,5.5,5.5,1
akinsanmiro,6.0,6.0,1
piccinini g,6.0,6.0,1
tourè i,7.0,7.0,1
marin m,6.0,6.0,1
nzola,6.0,6.0,1
moreo,6.5,6.5,1
meister,6.0,6.0,1
gilardino,6.5,6.5,1
svilar,6.0,6.0,1
mancini,6.5,6.0,1
ndicka,6.5,6.5,1
angelino,6.0,6.0,1
hermoso,6.5,6.5,1
wesley,7.0,10.0,1
cristante,6.5,6.5,1
el shaarawy,6.0,6.0,1
konè m,6.5,6.5,1
el aynaoui,6.0,6.0,1
dybala,6.5,6.5,1
soulè,5.0,5.0,1
ferguson e,6.5,6.5,1
dovbyk,5.5,5.5,1
gasperini,6.5,6.5,1
turati,5.5,3.5,1
romagna,5.0,5.0,1
walukiewicz,5.5,5.5,1
doig,6.0,6.0,1
muharemovic,5.5,5.5,1
boloca,6.0,6.0,1
lipani,5.5,5.5,1
konè i,4.5,3.5,1
fadera,6.0,6.0,1
berardi,6.0,5.5,1
pinamonti,5.0,5.0,1
laurientè,5.5,5.5,1
grosso,5.0,5.0,1
israel,5.0,0.0,1
masina,4.5,4.5,1
biraghi,4.5,4.5,1
lazaro,5.0,5.0,1
coco,4.5,4.5,1
tameze,5.0,5.0,1
vlasic,5.5,5.5,1
casadei,5.5,5.5,1
ilkhan,5.0,5.0,1
gineitis,4.0,4.0,1
simeone,5.0,5.0,1
ngonge,5.0,5.0,1
adams c,5.5,5.5,1
aboukhlal,5.5,5.5,1
baroni,4.0,4.0,1
sava,6.0,5.0,1
kamara h,6.0,6.0,1
bertola,6.0,5.5,1
ehizibue,5.5,5.5,1
zemura,5.5,5.5,1
kristensen t,7.0,10.0,1
solet,5.5,5.5,1
lovric,6.5,7.5,1
zarraga,6.0,6.0,1
karlstrom,6.0,6.0,1
atta,6.5,6.5,1
piotrowski,5.5,5.5,1
davis k,5.5,5.0,1
bravo,6.0,5.5,1
bayo v,5.5,5.5,1
runjaic,6.0,6.0,1
montipò,6.0,5.0,1
bradaric,6.0,6.0,1
frese,5.0,5.0,1
unai nunez,5.5,5.5,1
nelsson,5.5,5.5,1
belghali,6.0,5.5,1
cham,6.0,6.0,1
niasse,5.5,5.5,1
harroui,6.0,6.0,1
serdar,7.0,10.0,1
bernede,5.5,5.5,1
sarr a,5.5,5.5,1
mosquera,6.0,6.0,1
giovane,7.0,8.0,1
zanetti,6.0,6.0,1
carnesecchi,6.0,5.0,2
zappacosta,6.0,6.0,2
djimsiti,6.0,6.0,2
bellanova,6.0,6.0,2
scalvini,5.5,5.5,2
hien,5.5,5.0,2
de roon,6.5,6.0,2
pasalic,7.0,10.0,2
maldini,5.5,5.5,2
zalewski,6.0,6.0,2
scamacca,6.0,6.0,2
sulemana k,5.5,5.5,2
de ketelaere,6.0,6.0,2
krstovic,6.5,7.5,2
juric,6.0,6.0,2
skorupski,6.0,6.0,2
lykogiannis,5.5,5.5,2
zortea,6.0,6.0,2
lucumì,6.5,6.0,2
vitik,6.0,5.5,2
heggem,7.0,7.0,2
freuler,6.5,6.5,2
orsolini,7.0,10.0,2
odgaard,6.0,6.0,2
pobega,6.0,5.5,2
moro n,5.5,5.5,2
fabbian,6.0,6.0,2
cambiaghi,6.5,6.0,2
castro s,6.5,7.5,2
dallinga,6.0,6.0,2
italiano,6.5,6.5,2
caprile,6.5,5.5,2
luperto,6.5,6.5,2
mina,6.0,6.0,2
zappa,6.0,5.5,2
obert,5.5,5.5,2
palestra,6.5,6.5,2
deiola,6.0,6.0,2
gaetano,5.5,5.5,2
adopo,6.0,6.0,2
folorunsho,6.0,6.0,2
prati,6.5,6.5,2
esposito se,6.0,6.0,2
luvumbo,6.5,6.5,2
borrelli,5.5,5.5,2
pisacane,6.0,6.0,2
butez,6.0,5.0,2
vojvoda,6.0,5.5,2
valle,5.5,5.5,2
ramon,5.5,5.0,2
kempf,6.0,6.0,2
van der brempt,6.0,6.0,2
smolcic i,5.5,5.0,2
sergi roberto,6.0,6.0,2
da cunha,6.0,6.0,2
perrone,5.5,5.0,2
paz n,6.5,6.5,2
morata,5.5,5.5,2
douvikas,5.5,5.5,2
kuhn,5.5,5.5,2
rodriguez je,5.5,5.5,2
fabregas,6.0,5.5,2
audero,6.0,4.0,2
bianchetti,6.0,6.0,2
pezzella giu,6.0,6.0,2
terracciano f,6.5,9.5,2
baschirotto,5.5,5.5,2
floriani mussolini,6.5,6.5,2
grassi,5.0,5.0,2
vazquez,7.0,10.0,2
bondo,6.0,6.0,2
zerbin,6.5,6.5,2
payero,6.0,6.0,2
collocolo,6.5,6.5,2
vandeputte,7.0,8.0,2
sanabria,6.5,7.0,2
de luca,7.0,10.0,2
okereke,6.0,6.0,2
nicola,6.5,6.5,2
de gea,6.5,6.5,2
gosens,6.0,6.0,2
ranieri l,6.5,6.5,2
pongracic,6.0,5.5,2
dodò,7.0,7.0,2
comuzzo,6.5,6.5,2
kouadio,6.0,6.0,2
mandragora,6.0,6.0,2
fagioli,5.5,5.5,2
sohm,6.0,5.5,2
gudmundsson a,5.0,5.0,2
ndour,5.5,5.5,2
kean,5.0,5.0,2
piccoli,6.0,6.0,2
pioli,5.5,5.5,2
leali,7.0,6.0,2
martin,6.0,6.0,2
vasquez,6.0,6.0,2
ostigard,5.5,5.0,2
norton-cuffy,6.5,6.5,2
thorsby,6.0,6.0,2
malinovskyi,6.0,6.0,2
frendrup,6.0,6.0,2
ellertsson,6.5,6.5,2
carboni v,5.5,5.5,2
masini,6.5,6.5,2
stanciu,6.0,6.0,2
colombo,5.5,5.5,2
ekuban,6.0,6.0,2
vieira p,6.0,6.0,2
sommer,6.0,4.0,2
dimarco,6.0,6.0,2
acerbi,5.5,5.5,2
bastoni,5.5,5.5,2
dumfries,6.5,9.5,2
bisseck,5.0,5.0,2
barella,5.5,5.5,2
calhanoglu,5.0,5.0,2
mkhitaryan,5.5,5.5,2
sucic p,5.0,5.0,2
martinez l,5.5,5.0,2
thuram,6.5,7.5,2
esposito fp,6.0,6.0,2
chivu,5.0,5.0,2
di gregorio,6.5,6.5,2
bremer,6.0,6.0,2
kalulu,5.5,5.5,2
gatti,6.5,6.5,2
kelly l,6.0,6.0,2
joao mario,6.0,5.5,2
locatelli,6.5,6.5,2
kostic,6.5,7.5,2
thuram k,6.0,6.0,2
koopmeiners,6.0,5.5,2
conceicao,6.0,6.0,2
vlahovic,7.0,10.0,2
david,5.0,5.0,2
yildiz,6.0,6.0,2
tudor,6.5,6.5,2
provedel,6.0,6.0,2
marusic,6.0,6.0,2
pellegrini lu,6.0,6.0,2
tavares n,6.0,6.0,2
gila,6.0,6.0,2
provstgaard,6.5,6.5,2
zaccagni,7.5,10.5,2
guendouzi,7.0,10.0,2
rovella,6.5,7.5,2
belahyane,6.5,7.5,2
dele-bashiru,6.0,6.0,2
pedro,6.0,6.0,2
cancellieri,6.0,6.0,2
dia,7.0,10.0,2
castellanos,8.5,13.5,2
sarri,8.0,8.0,2
falcone,6.5,4.5,2
gallo,5.5,5.5,2
gaspar k,5.0,4.5,2
tiago gabriel,5.5,5.5,2
veiga d,5.0,5.0,2
sottil,5.5,5.5,2
coulibaly l,6.0,6.0,2
berisha m,5.5,5.5,2
ramadani,6.0,6.0,2
kaba,6.0,6.0,2
pierotti,6.0,6.0,2
tete morente,6.0,6.0,2
camarda,5.5,5.5,2
stulic,5.5,5.5,2
di francesco,6.0,6.0,2
maignan,6.0,6.0,2
gabbia,6.0,6.0,2
tomori,6.0,6.0,2
pavlovic,6.5,6.5,2
estupinan,6.0,6.0,2
pulisic,7.0,10.0,2
modric,6.5,7.5,2
loftus-cheek,7.0,10.0,2
fofana y,6.0,6.0,2
saelemaekers,6.5,6.5,2
musah,6.5,6.5,2
ricci s,6.0,6.0,2
gimenez,5.5,5.5,2
allegri,6.5,6.5,2
meret,6.0,6.0,2
juan jesus,6.0,5.5,2
spinazzola,6.0,6.0,2
buongiorno,6.5,7.5,2
di lorenzo,6.0,6.0,2
rrahmani,6.0,6.0,2
politano,6.5,6.5,2
de bruyne,5.5,5.0,2
zambo anguissa,7.0,10.0,2
lobotka,6.0,6.0,2
mctominay,6.0,6.0,2
lucca,5.5,5.5,2
ambrosino,6.0,6.0,2
conte,6.5,6.5,2
suzuki,6.0,5.0,2
valenti,5.5,5.0,2
valeri,6.0,6.0,2
circati,6.0,6.0,2
delprato,6.5,6.5,2
lovik,5.5,5.5,2
oristanio,6.5,6.0,2
bernabè,6.5,6.5,2
keita m,5.0,5.0,2
sorensen o,5.5,5.5,2
cutrone,7.0,10.0,2
almqvist,6.0,6.0,2
pellegrino m,6.0,6.0,2
cuesta,6.0,6.0,2
semper,6.5,5.5,2
cuadrado,5.5,5.5,2
caracciolo a,6.0,6.0,2
calabresi,6.0,6.0,2
mateus lusuardi,6.0,6.0,2
canestrelli,6.0,6.0,2
angori,5.0,5.0,2
tramoni m,5.5,5.5,2
aebischer,6.0,6.0,2
tourè i,6.0,6.0,2
marin m,5.5,5.0,2
nzola,5.5,5.5,2
moreo,5.5,5.5,2
meister,5.0,4.5,2
gilardino,5.5,5.5,2
svilar,6.5,6.5,2
mancini,6.0,6.0,2
ndicka,6.5,6.5,2
angelino,5.5,5.5,2
hermoso,6.5,6.5,2
wesley,6.0,6.0,2
cristante,6.0,6.0,2
el shaarawy,6.0,6.0,2
konè m,6.5,6.5,2
dybala,6.5,6.5,2
soulè,7.0,10.0,2
ferguson e,6.5,7.0,2
dovbyk,5.5,5.5,2
gasperini,6.5,6.5,2
muric,6.5,3.5,2
walukiewicz,5.5,5.5,2
doig,5.0,4.5,2
idzes,5.5,5.5,2
candè,5.5,5.5,2
muharemovic,5.0,5.0,2
matic,5.0,5.0,2
vranckx,5.5,5.5,2
volpato,6.5,7.5,2
boloca,5.5,5.5,2
lipani,5.5,5.5,2
fadera,5.5,5.5,2
berardi,7.0,10.0,2
pinamonti,7.0,10.0,2
laurientè,5.5,5.5,2
grosso,5.5,5.5,2
israel,6.5,6.5,2
biraghi,6.5,6.5,2
lazaro,6.0,5.5,2
maripan,6.5,6.5,2
pedersen,6.0,6.0,2
coco,6.5,6.5,2
ilic,6.0,6.0,2
vlasic,6.0,5.5,2
asllani,5.5,5.5,2
casadei,6.5,6.5,2
gineitis,5.5,5.5,2
simeone,6.5,6.5,2
ngonge,5.5,5.5,2
adams c,5.5,5.5,2
baroni,6.5,6.5,2
sava,6.0,4.5,2
bertola,6.0,5.5,2
ehizibue,6.0,6.0,2
zemura,6.0,6.0,2
kristensen t,6.5,6.5,2
goglichidze,6.0,6.0,2
solet,7.0,7.0,2
zarraga,6.0,5.5,2
karlstrom,6.5,6.5,2
ekkelenkamp,6.0,6.0,2
atta,7.0,10.0,2
piotrowski,6.0,6.0,2
davis k,8.0,12.0,2
bayo v,6.0,6.0,2
buksa,6.0,6.0,2
runjaic,8.0,8.0,2
montipò,5.0,1.0,2
bradaric,5.0,5.0,2
ebosse,5.0,5.0,2
frese,5.5,5.5,2
unai nunez,4.5,4.5,2
nelsson,4.0,4.0,2
belghali,5.5,5.5,2
cham,5.5,5.5,2
bella-kotchap,5.0,5.0,2
harroui,5.5,5.5,2
serdar,5.0,5.0,2
al-musrati,5.5,5.5,2
bernede,5.5,5.5,2
sarr a,5.0,5.0,2
mosquera,6.0,6.0,2
giovane,6.0,6.0,2
zanetti,4.0,4.0,2
carnesecchi,6.0,5.0,3
bellanova,6.5,6.5,3
scalvini,7.0,10.0,3
kossounou,6.5,6.5,3
hien,6.5,6.5,3
de roon,7.0,7.0,3
pasalic,6.5,6.5,3
maldini,6.0,6.0,3
brescianini,6.0,6.0,3
samardzic,6.0,6.0,3
musah,6.0,6.0,3
zalewski,7.5,11.5,3
sulemana k,6.0,6.0,3
de ketelaere,8.0,14.0,3
krstovic,6.5,8.5,3
juric,7.5,7.5,3
skorupski,6.0,4.5,3
lykogiannis,5.5,5.5,3
zortea,5.5,5.5,3
miranda j,5.5,5.0,3
lucumì,5.5,5.5,3
heggem,6.0,6.0,3
bernardeschi,5.5,5.5,3
freuler,5.5,5.5,3
orsolini,5.5,5.5,3
odgaard,6.0,6.0,3
ferguson,6.0,6.0,3
fabbian,5.5,5.5,3
rowe,6.0,6.0,3
cambiaghi,5.5,5.5,3
castro s,5.5,5.5,3
italiano,6.0,6.0,3
caprile,7.0,7.0,3
luperto,6.5,6.5,3
mina,7.0,10.0,3
zappa,6.0,5.5,3
obert,6.5,6.5,3
palestra,6.5,6.5,3
deiola,6.0,5.5,3
gaetano,6.0,6.0,3
adopo,6.0,6.0,3
folorunsho,6.0,6.0,3
prati,6.0,6.0,3
felici,7.0,10.0,3
belotti,5.5,5.5,3
esposito se,6.0,5.5,3
borrelli,6.0,6.0,3
pisacane,7.0,7.0,3
butez,6.0,5.0,3
vojvoda,5.5,5.5,3
valle,6.0,5.5,3
ramon,5.5,4.5,3
kempf,6.0,6.0,3
sergi roberto,5.5,5.0,3
caqueret,6.5,6.5,3
da cunha,6.0,6.0,3
perrone,5.5,5.5,3
paz n,7.0,10.0,3
morata,5.5,5.5,3
douvikas,6.0,6.0,3
addai,6.0,6.0,3
kuhn,6.5,6.5,3
rodriguez je,5.5,5.5,3
fabregas,6.0,5.5,3
audero,7.5,7.5,3
bianchetti,5.5,5.5,3
pezzella giu,5.5,5.5,3
terracciano f,5.5,5.5,3
baschirotto,5.0,5.0,3
grassi,6.0,6.0,3
vazquez,6.0,6.0,3
bondo,5.5,5.5,3
zerbin,5.5,5.5,3
sarmiento j,6.0,6.0,3
collocolo,5.5,5.0,3
vandeputte,5.5,5.5,3
sanabria,5.5,5.5,3
bonazzoli,5.5,5.5,3
vardy,6.0,6.0,3
nicola,5.5,5.5,3
de gea,7.0,4.0,3
gosens,6.5,6.5,3
ranieri l,6.0,9.0,3
pongracic,5.0,5.0,3
dodò,6.0,6.0,3
comuzzo,5.0,5.0,3
mandragora,6.0,6.0,3
nicolussi caviglia,6.0,6.0,3
fagioli,5.5,5.5,3
sohm,5.5,5.5,3
fazzini,6.5,6.5,3
dzeko,5.0,5.0,3
kean,5.5,5.5,3
piccoli,5.5,5.5,3
pioli,5.0,4.5,3
leali,6.5,5.5,3
sabelli,6.0,6.0,3
martin,6.0,6.0,3
vasquez,6.0,6.0,3
ostigard,6.0,5.5,3
norton-cuffy,6.5,6.5,3
malinovskyi,5.5,5.0,3
messias,6.5,6.5,3
frendrup,5.5,5.5,3
ellertsson,5.5,5.5,3
carboni v,6.5,6.5,3
masini,5.5,5.5,3
colombo,5.0,5.0,3
ekuban,7.0,10.0,3
vieira p,6.0,5.5,3
sommer,5.0,1.0,3
dimarco,6.5,7.5,3
acerbi,6.0,5.5,3
bastoni,5.5,5.5,3
akanji,6.0,6.0,3
dumfries,6.0,6.0,3
carlos augusto,6.5,7.5,3
zielinski,6.0,7.0,3
barella,5.5,5.5,3
calhanoglu,7.5,13.5,3
mkhitaryan,5.5,5.0,3
martinez l,5.0,5.0,3
thuram,7.0,10.0,3
bonny,5.5,5.5,3
chivu,5.0,5.0,3
di gregorio,6.0,3.0,3
bremer,7.5,9.5,3
kalulu,5.5,5.5,3
gatti,6.0,6.0,3
cabal,5.5,5.5,3
kelly l,7.0,10.0,3
locatelli,6.5,6.0,3
mckennie,6.0,6.0,3
thuram k,7.0,10.0,3
koopmeiners,5.0,4.5,3
adzic,7.5,10.5,3
vlahovic,5.0,5.0,3
david,6.5,7.5,3
openda,6.0,6.0,3
yildiz,7.0,11.0,3
tudor,6.5,6.5,3
provedel,6.0,5.0,3
romagnoli,5.5,5.5,3
marusic,6.0,5.5,3
tavares n,5.5,5.5,3
gila,6.5,6.5,3
cataldi,6.0,6.0,3
zaccagni,6.5,6.5,3
guendouzi,5.5,5.5,3
rovella,6.0,5.5,3
belahyane,5.5,5.0,3
dele-bashiru,5.5,5.5,3
pedro,6.0,6.0,3
cancellieri,5.5,5.5,3
dia,5.5,5.5,3
castellanos,5.5,5.5,3
sarri,5.5,5.5,3
falcone,5.5,1.5,3
gallo,4.5,4.5,3
gaspar k,4.5,4.5,3
veiga d,6.0,6.0,3
kouassi,5.5,5.5,3
siebert,4.0,4.0,3
sottil,5.5,5.5,3
coulibaly l,5.5,5.5,3
ramadani,5.0,5.0,3
pierotti,5.5,5.5,3
tete morente,5.0,5.0,3
sala a,5.5,5.5,3
camarda,5.5,5.5,3
ndri,7.0,10.0,3
stulic,5.5,5.5,3
di francesco,4.5,4.5,3
terracciano,6.0,6.0,3
maignan,6.0,6.0,3
gabbia,6.5,6.5,3
tomori,6.0,5.5,3
pavlovic,6.0,6.0,3
estupinan,6.0,5.5,3
de winter,6.0,6.0,3
rabiot,6.5,6.5,3
pulisic,7.0,7.0,3
modric,7.5,10.5,3
loftus-cheek,6.5,6.5,3
fofana y,6.0,6.0,3
saelemaekers,6.5,7.0,3
ricci s,6.5,6.5,3
gimenez,5.0,5.0,3
allegri,6.5,5.5,3
milinkovic-savic v,5.5,4.5,3
spinazzola,6.5,7.5,3
buongiorno,6.0,6.0,3
di lorenzo,6.5,6.5,3
olivera,6.0,6.0,3
beukema,7.0,10.0,3
politano,6.5,6.5,3
de bruyne,7.0,10.0,3
zambo anguissa,6.5,7.5,3
lobotka,6.0,6.0,3
elmas,6.0,6.0,3
mctominay,6.5,6.5,3
neres,6.0,6.0,3
hojlund,7.0,10.0,3
lucca,6.0,6.0,3
conte,7.0,7.0,3
suzuki,5.0,3.0,3
valeri,6.0,6.0,3
circati,6.0,6.0,3
delprato,5.5,5.5,3
lovik,6.0,6.0,3
ndiaye,5.5,5.5,3
oristanio,6.0,6.0,3
bernabè,6.5,6.5,3
ordonez c,5.5,5.0,3
sorensen o,5.5,5.5,3
cutrone,5.0,5.0,3
almqvist,5.5,5.5,3
pellegrino m,5.5,5.5,3
cuesta,5.5,5.5,3
semper,6.0,5.0,3
caracciolo a,5.5,5.0,3
mateus lusuardi,6.0,6.0,3
bonfanti,6.5,6.5,3
canestrelli,5.0,5.0,3
angori,5.5,5.5,3
leris,6.0,6.0,3
tramoni m,5.5,5.5,3
aebischer,5.0,5.0,3
akinsanmiro,6.0,6.0,3
tourè i,6.5,6.5,3
nzola,6.0,6.0,3
moreo,5.5,5.5,3
meister,6.0,6.0,3
gilardino,5.0,5.0,3
svilar,6.5,5.5,3
mancini,6.0,6.0,3
ndicka,6.0,6.0,3
angelino,5.5,5.0,3
hermoso,6.0,6.0,3
wesley,5.0,4.5,3
cristante,6.0,6.0,3
el shaarawy,6.0,6.0,3
konè m,5.5,5.5,3
baldanzi,5.5,5.5,3
pisilli,5.5,5.5,3
el aynaoui,6.0,6.0,3
dybala,5.5,5.5,3
soulè,6.5,6.5,3
ferguson e,5.5,5.5,3
gasperini,5.0,5.0,3
muric,7.0,7.0,3
walukiewicz,6.5,6.5,3
doig,6.0,5.5,3
coulibaly w,6.0,6.0,3
idzes,6.5,6.5,3
muharemovic,6.5,7.0,3
matic,6.0,5.5,3
vranckx,5.5,5.0,3
volpato,6.0,5.5,3
konè i,5.5,5.5,3
fadera,7.0,10.0,3
berardi,6.5,6.5,3
pinamonti,6.0,5.5,3
laurientè,6.0,6.0,3
grosso,7.0,7.0,3
israel,6.0,6.0,3
biraghi,6.0,6.0,3
lazaro,6.0,6.0,3
maripan,7.0,7.0,3
ismajli,6.0,5.5,3
coco,6.5,6.5,3
ilic,6.0,6.0,3
vlasic,6.5,6.5,3
asllani,6.5,6.0,3
casadei,6.0,6.0,3
simeone,7.5,10.5,3
ngonge,6.0,7.0,3
adams c,6.0,6.0,3
aboukhlal,6.5,6.0,3
baroni,6.5,6.5,3
sava,5.5,5.5,3
kamara h,6.5,6.0,3
bertola,6.0,6.0,3
ehizibue,5.5,5.5,3
zemura,6.0,6.0,3
kristensen t,7.0,7.0,3
goglichidze,6.0,6.0,3
solet,6.5,6.5,3
zaniolo,5.5,5.5,3
zarraga,6.0,6.0,3
karlstrom,6.0,5.5,3
atta,7.0,7.0,3
piotrowski,6.5,6.5,3
davis k,6.0,6.0,3
bravo,7.0,10.0,3
buksa,6.0,6.0,3
runjaic,7.0,7.0,3
montipò,6.0,6.0,3
bradaric,6.5,6.5,3
frese,6.0,6.0,3
unai nunez,6.5,6.5,3
nelsson,6.0,6.0,3
belghali,6.0,6.0,3
bella-kotchap,6.0,6.0,3
gagliardini,6.0,6.0,3
akpa akpro,6.0,6.0,3
niasse,6.0,6.0,3
serdar,7.0,6.5,3
bernede,6.5,6.5,3
sarr a,6.0,6.0,3
orban g,6.0,6.0,3
giovane,6.0,5.5,3
zanetti,6.5,6.5,3
carnesecchi,7.0,10.0,4
zappacosta,6.5,6.5,4
djimsiti,6.0,6.0,4
bellanova,6.5,6.5,4
kossounou,6.0,6.0,4
hien,6.0,6.0,4
ahanor,6.5,6.5,4
de roon,6.5,6.5,4
pasalic,6.0,6.0,4
samardzic,7.0,8.0,4
sulemana k,7.5,11.5,4
krstovic,7.5,13.5,4
juric,7.5,7.5,4
skorupski,6.5,5.5,4
de silvestri,6.0,6.0,4
zortea,5.5,5.5,4
miranda j,5.5,5.5,4
vitik,6.0,6.0,4
heggem,6.0,6.0,4
bernardeschi,5.5,5.0,4
freuler,6.0,6.0,4
orsolini,6.5,9.5,4
ferguson,6.0,6.0,4
moro n,5.5,5.5,4
cambiaghi,7.0,8.0,4
castro s,7.0,10.0,4
dallinga,6.0,6.0,4
dominguez b,5.5,5.5,4
italiano,6.5,6.5,4
caprile,6.5,5.5,4
luperto,5.5,5.5,4
mina,6.5,6.5,4
zappa,6.0,6.0,4
obert,6.0,5.5,4
palestra,7.0,8.0,4
deiola,6.5,6.5,4
gaetano,6.0,6.0,4
adopo,6.0,6.0,4
folorunsho,6.5,6.5,4
prati,6.0,5.5,4
felici,6.5,6.5,4
belotti,7.5,13.5,4
esposito se,6.5,6.0,4
kilicsoy,6.0,6.0,4
pisacane,7.0,7.0,4
butez,6.0,5.0,4
diego carlos,6.5,6.5,4
vojvoda,5.5,5.0,4
valle,6.0,6.0,4
kempf,7.0,9.5,4
smolcic i,5.5,5.5,4
sergi roberto,6.0,5.5,4
perrone,6.0,6.0,4
paz n,7.0,8.0,4
morata,5.5,5.5,4
douvikas,5.5,5.5,4
addai,7.0,10.0,4
kuhn,6.0,6.0,4
rodriguez je,6.5,6.5,4
fabregas,7.0,7.0,4
audero,6.5,6.5,4
bianchetti,6.0,6.0,4
pezzella giu,6.0,5.5,4
ceccherini,6.0,6.0,4
terracciano f,6.0,6.0,4
baschirotto,6.5,6.5,4
floriani mussolini,6.0,6.0,4
grassi,6.0,6.0,4
vazquez,6.5,6.5,4
bondo,6.0,6.0,4
zerbin,5.5,5.5,4
vandeputte,5.5,5.5,4
sanabria,5.5,5.5,4
johnsen,6.0,6.0,4
moumbagna,5.5,5.5,4
nicola,6.0,6.0,4
de gea,6.0,4.0,4
gosens,5.5,5.5,4
ranieri l,6.0,5.5,4
pongracic,5.5,5.0,4
viti,6.0,6.0,4
dodò,5.5,5.0,4
lamptey,6.0,6.0,4
fortini,6.0,6.0,4
mandragora,7.0,10.0,4
nicolussi caviglia,5.5,5.5,4
fagioli,5.5,5.5,4
sohm,5.5,5.0,4
fazzini,5.5,5.5,4
dzeko,6.0,6.0,4
kean,5.5,5.5,4
piccoli,5.0,5.0,4
pioli,5.0,4.5,4
leali,6.5,4.5,4
martin,6.0,6.0,4
vasquez,6.0,6.0,4
ostigard,6.0,5.5,4
marcandalli,5.5,5.5,4
norton-cuffy,5.5,5.0,4
malinovskyi,6.5,7.5,4
frendrup,6.0,6.0,4
ellertsson,7.0,10.0,4
carboni v,5.0,4.5,4
masini,5.5,5.0,4
colombo,5.5,5.5,4
ekuban,5.5,5.5,4
vitinha o,5.5,5.0,4
ekhator,5.5,5.5,4
vieira p,5.5,4.5,4
martinez jo,6.5,5.5,4
dimarco,7.0,9.5,4
acerbi,6.0,6.0,4
akanji,6.0,6.0,4
dumfries,6.0,6.0,4
carlos augusto,6.5,6.5,4
barella,6.0,6.0,4
calhanoglu,6.0,5.5,4
frattesi,6.0,6.0,4
luis henrique,6.0,6.0,4
sucic p,7.0,8.0,4
martinez l,6.0,6.0,4
thuram,6.0,6.0,4
bonny,6.0,6.0,4
esposito fp,6.5,6.5,4
chivu,6.5,6.5,4
di gregorio,6.5,5.5,4
kalulu,6.0,6.0,4
cambiaso,5.5,5.5,4
gatti,6.0,5.5,4
kelly l,5.5,5.0,4
joao mario,5.0,5.0,4
locatelli,5.5,5.5,4
thuram k,6.0,6.0,4
koopmeiners,5.5,5.0,4
adzic,6.0,6.0,4
conceicao,7.0,10.0,4
vlahovic,5.5,5.5,4
david,6.0,6.0,4
openda,6.0,6.0,4
yildiz,6.0,6.0,4
tudor,6.0,5.5,4
provedel,6.5,5.5,4
romagnoli,6.0,6.0,4
marusic,6.0,6.0,4
pellegrini lu,6.0,6.0,4
tavares n,5.0,5.0,4
gila,5.5,5.0,4
cataldi,6.5,6.5,4
zaccagni,5.5,5.5,4
guendouzi,6.0,5.0,4
rovella,6.0,6.0,4
belahyane,4.5,3.5,4
pedro,6.0,6.0,4
dia,5.0,5.0,4
castellanos,6.0,6.0,4
sarri,5.5,5.5,4
falcone,6.5,4.5,4
gallo,5.0,5.0,4
gaspar k,5.5,5.5,4
tiago gabriel,6.0,8.5,4
kouassi,5.5,5.5,4
ndaba,5.5,5.5,4
sottil,6.5,7.5,4
coulibaly l,6.0,5.5,4
ramadani,5.5,5.5,4
kaba,5.5,5.5,4
pierotti,6.0,6.0,4
tete morente,5.5,5.5,4
sala a,5.5,5.5,4
camarda,6.0,6.0,4
stulic,5.0,5.0,4
di francesco,5.5,5.5,4
terracciano,6.0,6.0,4
gabbia,6.0,6.0,4
tomori,6.5,6.5,4
pavlovic,6.5,6.5,4
estupinan,6.5,6.5,4
de winter,6.0,6.0,4
rabiot,7.0,8.0,4
pulisic,8.5,15.5,4
modric,7.0,7.0,4
loftus-cheek,6.5,6.5,4
fofana y,7.0,10.0,4
saelemaekers,7.0,7.0,4
ricci s,6.0,6.0,4
nkunku,6.0,6.0,4
gimenez,5.5,5.5,4
allegri,7.0,7.0,4
meret,6.5,4.5,4
spinazzola,7.5,11.0,4
buongiorno,6.5,6.5,4
di lorenzo,5.0,5.0,4
beukema,5.0,5.0,4
politano,6.5,6.5,4
de bruyne,5.5,5.5,4
zambo anguissa,6.0,6.0,4
lobotka,6.0,6.0,4
elmas,5.5,5.5,4
mctominay,6.5,7.5,4
gilmour,7.0,10.0,4
hojlund,5.5,5.5,4
lucca,7.0,10.0,4
conte,6.0,6.0,4
suzuki,6.0,6.0,4
valeri,6.0,6.0,4
circati,6.5,6.5,4
delprato,6.0,6.0,4
ndiaye,6.0,6.0,4
oristanio,6.0,6.0,4
bernabè,6.5,6.5,4
keita m,6.0,6.0,4
sorensen o,5.5,5.5,4
cutrone,5.5,5.5,4
almqvist,6.0,6.0,4
pellegrino m,6.0,6.0,4
cuesta,6.0,6.0,4
semper,5.5,2.5,4
cuadrado,6.0,6.0,4
caracciolo a,6.0,5.5,4
mateus lusuardi,5.5,5.0,4
bonfanti,5.0,5.0,4
canestrelli,5.5,5.5,4
angori,6.5,7.5,4
leris,6.0,6.0,4
tramoni m,5.5,5.5,4
aebischer,6.0,6.0,4
akinsanmiro,6.0,6.0,4
marin m,5.0,5.0,4
lorran,6.5,9.5,4
nzola,7.0,10.0,4
moreo,5.5,5.5,4
meister,5.5,5.5,4
gilardino,6.0,5.5,4
svilar,6.0,6.0,4
mancini,6.0,6.0,4
ndicka,6.0,5.5,4
celik,6.5,6.5,4
angelino,6.0,6.0,4
rensch,7.0,7.0,4
pellegrini lo,7.0,10.0,4
cristante,6.0,6.0,4
konè m,7.0,7.0,4
baldanzi,6.0,6.0,4
pisilli,6.0,6.0,4
soulè,6.5,7.5,4
ferguson e,6.0,6.0,4
dovbyk,5.5,5.5,4
gasperini,6.5,6.5,4
muric,7.0,5.0,4
doig,6.0,6.0,4
coulibaly w,4.5,4.5,4
idzes,6.0,6.0,4
muharemovic,5.0,2.5,4
matic,5.5,5.5,4
vranckx,6.0,6.0,4
volpato,6.0,6.0,4
thorstvedt,6.0,6.0,4
konè i,6.5,6.5,4
fadera,6.0,6.0,4
berardi,6.5,7.5,4
pinamonti,6.0,6.0,4
laurientè,6.0,6.0,4
cheddira,6.5,9.5,4
grosso,5.5,5.5,4
israel,6.0,3.0,4
biraghi,5.0,5.0,4
lazaro,5.0,5.0,4
maripan,4.5,4.5,4
ismajli,5.0,5.0,4
coco,5.0,5.0,4
tameze,6.0,6.0,4
ilic,5.5,5.5,4
vlasic,5.5,5.5,4
asllani,5.0,5.0,4
casadei,5.5,5.5,4
zapata d,5.0,2.0,4
simeone,6.0,6.0,4
adams c,5.5,5.5,4
aboukhlal,5.5,5.5,4
baroni,4.0,4.0,4
sava,5.0,2.0,4
zanoli,6.0,6.0,4
ehizibue,5.0,5.0,4
zemura,5.0,4.5,4
kristensen t,5.0,5.0,4
rui modesto,5.5,5.5,4
solet,5.5,5.5,4
zaniolo,6.0,6.0,4
zarraga,5.0,5.0,4
karlstrom,4.5,4.5,4
ekkelenkamp,5.0,5.0,4
atta,6.0,5.5,4
davis k,5.5,5.5,4
bravo,5.5,5.5,4
buksa,5.5,5.5,4
runjaic,4.5,4.5,4
montipò,6.5,5.5,4
bradaric,6.0,6.0,4
frese,6.5,6.5,4
unai nunez,6.5,6.5,4
nelsson,6.5,6.5,4
belghali,7.0,7.0,4
akpa akpro,5.5,5.0,4
serdar,6.5,6.5,4
bernede,5.5,5.0,4
sarr a,6.0,6.0,4
orban g,7.5,10.0,4
giovane,6.0,6.0,4
zanetti,6.5,6.5,4
carnesecchi,6.5,5.5,5
zappacosta,6.0,5.5,5
djimsiti,6.0,6.0,5
bellanova,6.5,6.5,5
kossounou,5.0,5.0,5
ahanor,6.5,6.5,5
de roon,5.5,4.5,5
pasalic,6.0,6.0,5
samardzic,6.5,6.5,5
musah,6.0,6.0,5
sulemana k,7.5,10.5,5
de ketelaere,6.0,6.0,5
krstovic,5.5,5.5,5
juric,6.0,6.0,5
skorupski,6.5,4.5,5
miranda j,5.0,5.0,5
holm,6.5,7.5,5
lucumì,5.5,5.5,5
heggem,6.0,6.0,5
bernardeschi,5.0,4.5,5
orsolini,6.5,9.5,5
odgaard,7.0,10.0,5
ferguson,6.0,6.0,5
moro n,6.0,6.0,5
fabbian,5.0,5.0,5
rowe,6.5,6.5,5
cambiaghi,6.0,6.0,5
castro s,6.0,6.0,5
dallinga,6.0,5.5,5
italiano,5.5,5.5,5
caprile,6.5,4.5,5
luperto,5.5,5.5,5
mina,5.5,5.5,5
obert,5.5,5.5,5
palestra,6.0,6.0,5
idrissi r,6.0,6.0,5
zè pedro,5.5,5.5,5
deiola,6.0,6.0,5
gaetano,6.0,6.0,5
adopo,5.5,5.5,5
folorunsho,6.0,6.0,5
prati,6.0,6.0,5
felici,6.0,6.0,5
belotti,6.0,6.0,5
esposito se,6.0,6.0,5
borrelli,6.0,6.0,5
pisacane,5.5,5.5,5
butez,6.0,5.0,5
diego carlos,6.0,6.0,5
posch,6.0,6.0,5
valle,6.0,6.0,5
ramon,6.0,5.5,5
kempf,5.5,5.5,5
sergi roberto,6.0,6.0,5
caqueret,6.0,6.0,5
da cunha,6.0,5.5,5
perrone,6.0,5.5,5
paz n,7.0,10.0,5
douvikas,6.5,6.5,5
addai,5.5,5.5,5
kuhn,5.5,5.5,5
rodriguez je,5.0,5.0,5
fabregas,5.5,5.0,5
silvestri,6.5,5.5,5
bianchetti,6.5,6.5,5
pezzella giu,6.0,6.0,5
terracciano f,5.5,5.5,5
baschirotto,7.0,9.5,5
floriani mussolini,6.0,5.5,5
grassi,6.0,6.0,5
vazquez,6.5,7.5,5
bondo,6.5,6.5,5
zerbin,5.5,5.5,5
payero,5.5,5.0,5
vandeputte,6.0,6.0,5
sanabria,6.0,5.5,5
bonazzoli,6.0,6.0,5
johnsen,5.5,5.5,5
nicola,6.5,6.5,5
de gea,6.0,6.0,5
gosens,6.0,6.0,5
ranieri l,6.0,6.0,5
marì,5.5,5.5,5
pongracic,6.0,6.0,5
dodò,5.0,5.0,5
mandragora,5.5,5.5,5
nicolussi caviglia,5.5,5.5,5
gudmundsson a,5.0,5.0,5
fazzini,6.0,6.0,5
kean,5.5,5.0,5
piccoli,6.0,6.0,5
pioli,5.5,5.5,5
leali,6.0,3.0,5
martin,5.5,5.5,5
vasquez,5.0,4.5,5
ostigard,4.5,4.0,5
norton-cuffy,5.0,4.5,5
malinovskyi,5.5,5.0,5
frendrup,5.0,5.0,5
ellertsson,5.5,5.5,5
carboni v,5.5,5.5,5
masini,5.5,5.0,5
stanciu,5.5,5.5,5
colombo,5.0,5.0,5
ekuban,5.5,5.5,5
vitinha o,5.5,5.5,5
ekhator,5.5,5.5,5
vieira p,4.5,4.5,5
martinez jo,6.0,6.0,5
dimarco,7.0,8.0,5
de vrij,6.0,6.0,5
bastoni,7.0,8.0,5
akanji,6.5,6.5,5
dumfries,6.0,6.0,5
carlos augusto,6.0,5.5,5
barella,6.5,6.0,5
calhanoglu,6.5,6.5,5
mkhitaryan,6.5,6.5,5
frattesi,6.0,6.0,5
luis henrique,6.0,6.0,5
martinez l,7.0,10.0,5
thuram,6.5,6.5,5
esposito fp,7.0,10.0,5
chivu,7.0,7.0,5
di gregorio,6.0,5.0,5
bremer,5.5,5.5,5
kalulu,6.5,6.5,5
cambiaso,6.0,6.0,5
gatti,5.5,5.5,5
cabal,7.0,10.0,5
kelly l,6.0,6.0,5
joao mario,6.0,7.0,5
mckennie,6.0,6.0,5
thuram k,5.5,5.5,5
koopmeiners,6.0,6.0,5
zhegrova,6.5,6.5,5
adzic,5.0,5.0,5
vlahovic,5.5,5.5,5
openda,5.0,5.0,5
yildiz,6.0,6.0,5
tudor,5.5,5.5,5
provedel,6.5,6.5,5
hysaj,6.0,6.0,5
romagnoli,6.5,6.5,5
marusic,6.5,7.5,5
pellegrini lu,6.5,6.5,5
tavares n,6.0,6.0,5
gila,6.5,6.5,5
cataldi,6.0,5.5,5
zaccagni,7.0,10.0,5
basic,6.0,6.0,5
cancellieri,7.5,10.5,5
dia,6.0,6.0,5
castellanos,7.5,11.5,5
sarri,7.5,7.5,5
falcone,6.5,4.5,5
gallo,6.5,6.0,5
gaspar k,6.0,5.5,5
tiago gabriel,5.5,5.5,5
veiga d,6.0,6.0,5
kouassi,5.0,5.0,5
ndaba,6.0,6.0,5
coulibaly l,7.5,10.5,5
berisha m,6.5,7.5,5
ramadani,6.0,5.5,5
pierotti,6.5,6.5,5
tete morente,6.5,6.5,5
banda,6.0,6.0,5
camarda,7.0,9.5,5
ndri,6.0,6.0,5
stulic,5.5,5.5,5
di francesco,6.5,6.5,5
maignan,7.0,6.0,5
gabbia,6.0,6.0,5
tomori,5.5,5.5,5
pavlovic,6.5,6.5,5
estupinan,5.0,4.0,5
de winter,6.0,6.0,5
bartesaghi,6.0,6.0,5
athekame,5.5,5.5,5
rabiot,6.5,6.0,5
pulisic,8.0,12.0,5
modric,7.0,7.0,5
loftus-cheek,6.0,6.0,5
fofana y,6.5,7.5,5
saelemaekers,7.0,10.0,5
leao,5.5,5.5,5
gimenez,5.5,5.5,5
allegri,7.0,7.0,5
meret,6.0,4.0,5
juan jesus,5.5,5.5,5
di lorenzo,6.0,6.0,5
gutierrez,5.5,5.5,5
marianucci,4.5,4.5,5
politano,6.0,6.0,5
de bruyne,6.5,9.5,5
zambo anguissa,5.5,5.5,5
lobotka,6.0,6.0,5
elmas,6.0,6.0,5
mctominay,6.0,6.0,5
neres,6.5,6.5,5
hojlund,5.5,5.5,5
lucca,5.5,5.5,5
lang,6.0,6.0,5
conte,5.0,5.0,5
suzuki,6.0,5.0,5
valeri,7.0,8.0,5
circati,6.5,6.5,5
delprato,6.0,5.5,5
ndiaye,5.5,5.0,5
britschgi,6.0,6.0,5
oristanio,5.0,5.0,5
bernabè,6.0,6.0,5
keita m,6.0,6.0,5
cutrone,5.5,5.5,5
benedyczak,6.0,6.0,5
pellegrino m,7.5,13.0,5
cuesta,7.0,7.0,5
semper,6.0,6.0,5
cuadrado,6.5,6.5,5
caracciolo a,6.0,6.0,5
bonfanti,6.5,6.5,5
canestrelli,6.0,6.0,5
leris,5.5,5.5,5
tramoni m,5.5,5.5,5
aebischer,6.0,6.0,5
akinsanmiro,6.5,6.5,5
tourè i,6.5,6.5,5
hojholt,6.0,6.0,5
marin m,6.0,6.0,5
vural,6.0,6.0,5
nzola,6.0,6.0,5
meister,6.0,6.0,5
gilardino,6.5,6.5,5
svilar,7.0,7.0,5
mancini,6.0,6.0,5
ndicka,5.5,5.5,5
celik,6.5,7.5,5
angelino,6.0,6.0,5
hermoso,6.0,6.0,5
tsimikas,6.0,6.0,5
wesley,5.5,5.5,5
ziolkowski,6.0,6.0,5
pellegrini lo,6.0,6.0,5
cristante,6.0,6.0,5
konè m,6.5,6.5,5
soulè,6.5,9.5,5
ferguson e,6.0,6.0,5
dovbyk,7.0,10.0,5
gasperini,6.5,6.5,5
muric,6.0,5.0,5
walukiewicz,6.5,6.5,5
doig,6.0,6.0,5
idzes,6.0,6.0,5
muharemovic,5.5,5.5,5
matic,6.5,6.5,5
vranckx,6.0,6.0,5
thorstvedt,6.0,6.0,5
konè i,7.0,10.0,5
fadera,6.5,7.5,5
iannoni,7.0,10.0,5
berardi,7.0,8.0,5
pinamonti,6.0,6.0,5
laurientè,7.5,11.5,5
grosso,7.0,7.0,5
israel,6.0,4.0,5
biraghi,5.5,5.5,5
lazaro,6.0,6.0,5
maripan,5.5,5.5,5
ismajli,5.5,5.5,5
nkounkou,6.0,5.5,5
coco,6.5,7.5,5
tameze,6.0,6.0,5
vlasic,5.0,5.0,5
asllani,6.0,6.0,5
casadei,5.5,5.5,5
simeone,5.5,5.5,5
ngonge,7.5,10.0,5
baroni,5.5,5.0,5
sava,6.0,3.0,5
zanoli,5.5,5.5,5
ehizibue,5.5,5.0,5
zemura,5.5,5.5,5
kristensen t,5.0,5.0,5
palma,4.5,4.5,5
solet,6.0,6.0,5
zaniolo,6.0,5.5,5
karlstrom,5.5,5.5,5
ekkelenkamp,6.0,6.0,5
atta,6.0,6.0,5
piotrowski,5.0,4.5,5
miller l,6.0,6.0,5
davis k,7.0,10.0,5
gueye,6.0,6.0,5
runjaic,5.0,5.0,5
montipò,6.5,4.5,5
bradaric,6.0,6.0,5
frese,6.0,6.0,5
unai nunez,5.5,5.0,5
nelsson,5.0,5.0,5
belghali,6.5,6.0,5
gagliardini,5.5,5.0,5
akpa akpro,5.5,5.0,5
serdar,5.5,5.5,5
bernede,6.0,6.0,5
sarr a,5.5,5.5,5
orban g,5.0,5.0,5
giovane,5.0,5.0,5
zanetti,5.5,5.5,5
carnesecchi,6.5,5.5,6
zappacosta,6.0,6.0,6
djimsiti,6.0,5.5,6
hien,7.0,7.0,6
ahanor,6.5,6.5,6
bernasconi,6.0,6.0,6
pasalic,6.0,6.0,6
maldini,6.0,6.0,6
brescianini,6.0,6.0,6
samardzic,7.0,10.0,6
musah,6.0,6.0,6
ederson ds,6.0,6.0,6
lookman,5.5,5.5,6
sulemana k,6.0,6.0,6
krstovic,6.0,6.0,6
juric,6.0,6.0,6
skorupski,6.0,6.0,6
zortea,6.0,6.0,6
miranda j,6.5,6.5,6
lucumì,6.5,6.5,6
heggem,6.5,6.5,6
bernardeschi,6.0,6.0,6
freuler,6.5,6.5,6
orsolini,7.0,10.0,6
odgaard,6.5,9.5,6
pobega,6.0,6.0,6
moro n,7.0,10.0,6
fabbian,6.0,6.0,6
rowe,6.5,6.5,6
cambiaghi,8.0,12.0,6
dallinga,6.0,7.0,6
dominguez b,6.0,6.0,6
italiano,7.0,7.0,6
caprile,7.0,6.0,6
mina,6.0,6.0,6
di pardo,5.5,5.5,6
obert,6.0,5.5,6
palestra,5.5,5.5,6
zè pedro,5.0,5.0,6
deiola,5.5,5.5,6
adopo,6.0,6.0,6
folorunsho,6.0,6.0,6
prati,6.0,6.0,6
felici,5.5,5.0,6
esposito se,5.5,5.5,6
luvumbo,6.0,6.0,6
borrelli,7.0,10.0,6
pisacane,6.0,6.0,6
butez,6.0,5.0,6
diego carlos,6.5,6.0,6
vojvoda,6.0,6.0,6
valle,6.0,6.0,6
ramon,5.5,5.5,6
smolcic i,5.5,5.0,6
caqueret,6.0,6.0,6
da cunha,6.0,6.0,6
perrone,7.0,10.0,6
paz n,6.0,6.0,6
baturina,5.0,5.0,6
morata,5.5,5.5,6
douvikas,5.5,5.5,6
addai,6.0,5.5,6
fabregas,6.0,6.0,6
silvestri,6.5,2.5,6
bianchetti,5.0,5.0,6
pezzella giu,4.5,4.0,6
ceccherini,5.0,5.0,6
baschirotto,5.0,5.0,6
barbieri,6.0,6.0,6
faye,5.5,5.5,6
floriani mussolini,4.5,4.5,6
grassi,5.0,5.0,6
vazquez,5.5,5.5,6
bondo,5.0,5.0,6
vandeputte,6.0,7.0,6
sanabria,5.0,5.0,6
bonazzoli,6.5,9.5,6
vardy,6.0,6.0,6
johnsen,5.0,5.0,6
nicola,4.5,4.5,6
de gea,6.0,4.0,6
gosens,5.0,5.0,6
ranieri l,5.5,5.5,6
marì,5.5,5.0,6
pongracic,6.0,6.0,6
dodò,5.5,5.5,6
comuzzo,6.0,6.0,6
mandragora,5.5,5.5,6
nicolussi caviglia,6.0,7.0,6
gudmundsson a,5.0,4.5,6
fazzini,5.5,5.5,6
ndour,6.0,6.0,6
dzeko,6.0,6.0,6
kean,7.0,10.0,6
piccoli,6.0,6.0,6
pioli,5.5,5.0,6
leali,6.0,4.0,6
sabelli,5.5,5.5,6
vasquez,6.0,6.0,6
marcandalli,6.0,5.5,6
norton-cuffy,6.5,7.5,6
otoa,5.0,4.5,6
thorsby,5.5,5.5,6
malinovskyi,5.5,5.0,6
frendrup,5.5,5.5,6
ellertsson,5.5,5.5,6
carboni v,6.0,6.0,6
masini,5.0,5.0,6
colombo,6.0,6.0,6
ekuban,5.5,5.5,6
vitinha o,6.0,6.0,6
ekhator,7.5,10.5,6
vieira p,6.0,6.0,6
sommer,6.0,5.0,6
dimarco,8.0,12.0,6
de vrij,6.5,6.5,6
bastoni,6.5,6.5,6
akanji,6.5,6.5,6
dumfries,6.0,6.0,6
carlos augusto,6.0,6.0,6
barella,7.5,10.5,6
mkhitaryan,6.5,6.5,6
frattesi,6.0,6.0,6
luis henrique,6.0,6.0,6
diouf,5.5,5.5,6
sucic p,6.0,5.5,6
martinez l,7.0,10.0,6
bonny,8.5,14.5,6
esposito fp,6.0,6.0,6
chivu,7.0,7.0,6
di gregorio,6.0,6.0,6
rugani,6.0,6.0,6
kalulu,6.0,6.0,6
cambiaso,5.5,5.5,6
gatti,5.5,5.0,6
kelly l,5.0,5.0,6
locatelli,6.5,6.0,6
mckennie,5.5,5.5,6
thuram k,5.5,5.5,6
conceicao,6.5,6.5,6
vlahovic,6.0,6.0,6
david,5.0,5.0,6
openda,6.0,6.0,6
yildiz,5.5,5.5,6
tudor,5.5,5.5,6
provedel,6.0,3.0,6
hysaj,5.0,5.0,6
romagnoli,5.5,5.0,6
lazzari,5.5,5.5,6
tavares n,6.0,6.0,6
gila,6.0,6.0,6
cataldi,7.0,9.5,6
basic,6.5,7.5,6
belahyane,6.0,6.0,6
isaksen,5.5,5.5,6
pedro,6.0,7.0,6
cancellieri,8.0,14.0,6
dia,5.5,5.5,6
castellanos,6.0,5.5,6
noslin,6.5,6.5,6
sarri,6.0,6.0,6
falcone,6.5,6.5,6
gallo,7.0,7.0,6
gaspar k,6.0,5.5,6
tiago gabriel,7.0,7.0,6
veiga d,6.5,6.5,6
sottil,7.0,10.0,6
coulibaly l,6.5,6.5,6
berisha m,6.5,6.5,6
ramadani,6.0,6.0,6
pierotti,6.0,6.0,6
banda,6.0,5.5,6
camarda,6.0,6.0,6
stulic,5.5,5.5,6
di francesco,7.0,7.0,6
maignan,7.0,7.0,6
gabbia,6.5,6.5,6
tomori,6.0,6.0,6
pavlovic,6.5,6.5,6
bartesaghi,6.5,6.0,6
rabiot,6.5,6.5,6
pulisic,5.0,2.0,6
modric,6.5,6.5,6
loftus-cheek,6.0,6.0,6
fofana y,5.5,5.0,6
saelemaekers,6.5,6.5,6
leao,5.0,5.0,6
nkunku,6.0,6.0,6
gimenez,6.5,6.5,6
allegri,6.0,6.0,6
milinkovic-savic v,6.0,5.0,6
juan jesus,6.0,6.0,6
spinazzola,7.0,7.0,6
di lorenzo,6.5,6.5,6
olivera,5.0,5.0,6
beukema,5.5,5.5,6
politano,5.5,5.5,6
de bruyne,6.5,6.5,6
zambo anguissa,7.5,10.5,6
lobotka,6.0,6.0,6
mctominay,6.0,6.0,6
gilmour,6.0,6.0,6
neres,5.5,5.0,6
hojlund,7.0,10.0,6
conte,7.0,7.0,6
suzuki,5.0,4.0,6
valeri,6.0,6.0,6
circati,5.5,5.5,6
delprato,5.5,5.5,6
lovik,5.0,5.0,6
ndiaye,5.5,5.0,6
britschgi,5.5,5.5,6
bernabè,5.5,5.5,6
keita m,6.0,6.0,6
sorensen o,5.5,5.5,6
cutrone,5.5,5.5,6
almqvist,6.0,6.0,6
benedyczak,5.5,5.5,6
pellegrino m,6.0,6.0,6
cuesta,5.0,5.0,6
semper,6.0,2.0,6
cuadrado,5.5,5.0,6
caracciolo a,5.5,5.5,6
bonfanti,5.0,5.0,6
canestrelli,5.0,5.0,6
angori,5.5,5.5,6
leris,5.0,5.0,6
tramoni m,5.5,5.5,6
akinsanmiro,6.0,6.0,6
tourè i,4.0,3.0,6
marin m,6.0,6.0,6
vural,6.0,6.0,6
nzola,5.0,5.0,6
meister,5.5,5.5,6
gilardino,5.5,5.5,6
svilar,5.5,4.5,6
mancini,6.0,6.0,6
ndicka,6.0,6.0,6
celik,6.5,6.5,6
tsimikas,6.0,5.5,6
rensch,6.0,6.0,6
wesley,6.5,6.0,6
pellegrini lo,6.0,6.0,6
cristante,7.0,9.5,6
konè m,6.5,6.5,6
baldanzi,6.0,6.0,6
dybala,6.0,6.0,6
soulè,7.5,11.5,6
dovbyk,6.0,7.0,6
gasperini,6.5,6.5,6
muric,7.0,6.5,6
walukiewicz,6.0,6.0,6
doig,6.0,6.0,6
idzes,6.5,6.5,6
muharemovic,7.0,7.0,6
matic,6.0,6.0,6
vranckx,5.5,5.5,6
volpato,6.0,6.0,6
thorstvedt,6.5,6.5,6
konè i,6.5,6.5,6
fadera,7.0,7.0,6
pierini,6.0,5.5,6
pinamonti,6.5,6.5,6
laurientè,6.0,6.0,6
grosso,6.5,6.0,6
israel,5.5,2.5,6
masina,6.5,7.5,6
lazaro,5.5,5.5,6
maripan,5.5,5.0,6
nkounkou,6.5,7.5,6
pedersen,6.5,6.5,6
coco,6.0,9.0,6
dembelè a,5.0,5.0,6
tameze,5.5,5.5,6
vlasic,5.5,5.5,6
asllani,6.0,5.5,6
casadei,5.5,5.0,6
simeone,7.0,10.0,6
ngonge,6.0,6.0,6
adams c,7.0,10.0,6
baroni,6.0,6.0,6
sava,5.5,4.5,6
kabasele,6.5,9.5,6
zanoli,5.5,5.5,6
kamara h,6.0,6.0,6
bertola,5.5,5.5,6
goglichidze,6.5,6.5,6
solet,6.5,7.5,6
zaniolo,5.5,5.0,6
karlstrom,6.5,6.5,6
atta,6.5,6.5,6
piotrowski,6.0,6.0,6
davis k,6.0,6.0,6
bayo v,5.0,5.0,6
runjaic,6.0,6.0,6
montipò,6.5,8.5,6
bradaric,5.5,5.5,6
frese,6.5,6.5,6
unai nunez,6.0,6.0,6
nelsson,5.5,5.5,6
belghali,6.0,5.5,6
gagliardini,6.0,6.0,6
akpa akpro,6.0,6.0,6
niasse,5.5,5.5,6
serdar,5.5,5.0,6
bernede,5.5,5.5,6
sarr a,5.5,5.5,6
orban g,5.5,5.5,6
giovane,6.0,6.0,6
zanetti,5.5,5.5,6
carnesecchi,6.0,6.0,7
zappacosta,6.5,6.5,7
djimsiti,6.0,6.0,7
scalvini,6.0,6.0,7
hien,6.0,5.5,7
ahanor,6.0,6.0,7
bernasconi,6.5,6.5,7
de roon,6.0,6.0,7
pasalic,6.0,5.5,7
ederson ds,6.0,6.0,7
lookman,6.0,6.0,7
sulemana k,5.5,5.0,7
de ketelaere,6.0,5.5,7
krstovic,6.0,6.0,7
juric,6.0,6.0,7
ravaglia f,6.5,6.5,7
lykogiannis,6.0,5.5,7
miranda j,6.5,6.0,7
holm,7.0,10.0,7
vitik,6.5,6.5,7
heggem,6.5,6.5,7
bernardeschi,6.5,6.5,7
freuler,6.5,6.5,7
orsolini,7.0,10.0,7
odgaard,7.0,8.0,7
pobega,5.5,5.5,7
ferguson,6.0,5.5,7
cambiaghi,5.5,5.5,7
castro s,6.0,6.0,7
dominguez b,6.5,7.5,7
italiano,7.0,7.0,7
caprile,6.5,4.5,7
luperto,5.5,5.5,7
mina,5.5,5.5,7
zappa,6.0,6.0,7
obert,5.0,5.0,7
palestra,6.5,6.5,7
zè pedro,5.0,5.0,7
gaetano,5.5,5.5,7
adopo,5.5,5.5,7
folorunsho,6.0,6.0,7
prati,6.0,6.0,7
felici,5.0,5.0,7
esposito se,6.0,5.5,7
luvumbo,6.0,6.0,7
borrelli,5.5,5.5,7
pisacane,5.5,5.5,7
butez,6.0,6.0,7
diego carlos,6.0,5.5,7
vojvoda,6.5,6.5,7
moreno alb,6.0,5.5,7
valle,6.0,6.0,7
ramon,6.0,6.0,7
kempf,7.5,10.5,7
smolcic i,6.0,5.5,7
caqueret,5.5,5.5,7
da cunha,6.5,6.5,7
perrone,7.0,8.0,7
paz n,8.0,12.0,7
morata,6.0,6.0,7
douvikas,6.5,6.5,7
fabregas,7.0,7.0,7
silvestri,6.0,5.0,7
bianchetti,6.0,6.0,7
pezzella giu,5.5,5.5,7
terracciano f,7.0,10.0,7
baschirotto,5.5,5.5,7
barbieri,6.0,6.0,7
vazquez,6.5,6.5,7
bondo,6.0,6.0,7
zerbin,5.5,5.0,7
payero,6.0,5.5,7
sarmiento j,6.0,6.0,7
vandeputte,6.5,7.0,7
lordkipanidze d,6.0,6.0,7
bonazzoli,6.0,6.0,7
vardy,5.5,5.0,7
nicola,6.0,6.0,7
de gea,6.0,4.0,7
gosens,6.5,9.5,7
ranieri l,6.5,6.0,7
marì,6.0,6.0,7
parisi,5.5,5.0,7
pongracic,6.0,6.0,7
dodò,6.0,6.0,7
mandragora,6.0,6.0,7
nicolussi caviglia,6.0,5.5,7
fagioli,6.0,6.0,7
gudmundsson a,6.0,6.0,7
fazzini,6.0,6.0,7
kean,6.0,6.0,7
piccoli,5.5,5.5,7
pioli,5.5,5.5,7
leali,6.0,6.0,7
sabelli,6.0,6.0,7
vasquez,6.5,6.5,7
ostigard,6.0,6.0,7
norton-cuffy,6.0,6.0,7
malinovskyi,5.5,5.0,7
cornet,4.5,1.5,7
frendrup,6.0,6.0,7
ellertsson,5.5,5.5,7
carboni v,5.5,5.5,7
masini,6.5,6.5,7
venturino,6.0,6.0,7
colombo,5.5,5.0,7
ekuban,5.5,5.5,7
vitinha o,6.0,6.0,7
ekhator,6.5,6.5,7
vieira p,6.0,6.0,7
sommer,6.5,6.5,7
dimarco,6.0,6.0,7
acerbi,6.5,6.5,7
bastoni,6.5,6.5,7
akanji,6.5,6.5,7
dumfries,6.0,6.0,7
barella,6.5,7.5,7
calhanoglu,6.5,6.5,7
mkhitaryan,6.5,6.0,7
frattesi,6.0,6.0,7
sucic p,6.0,5.5,7
martinez l,5.5,5.0,7
bonny,7.0,10.0,7
esposito fp,6.0,6.0,7
chivu,7.0,7.0,7
di gregorio,6.0,4.0,7
rugani,5.5,5.5,7
kalulu,5.5,5.5,7
cambiaso,5.5,5.5,7
kelly l,6.0,5.5,7
locatelli,6.0,6.0,7
mckennie,5.5,5.5,7
thuram k,6.0,6.0,7
koopmeiners,5.0,5.0,7
conceicao,5.5,5.5,7
vlahovic,5.5,5.5,7
david,5.0,5.0,7
yildiz,6.0,6.0,7
tudor,3.0,3.0,7
provedel,6.5,6.5,7
romagnoli,6.0,6.0,7
marusic,6.0,6.0,7
tavares n,5.5,5.5,7
gila,7.0,7.0,7
vecino,6.0,6.0,7
cataldi,5.5,5.5,7
zaccagni,6.0,6.0,7
guendouzi,6.0,6.0,7
basic,6.5,6.5,7
isaksen,6.0,6.0,7
pedro,6.0,6.0,7
cancellieri,6.0,6.0,7
dia,5.0,5.0,7
sarri,6.5,6.5,7
falcone,6.0,5.5,7
gallo,6.0,6.0,7
gaspar k,6.5,6.5,7
tiago gabriel,6.5,6.5,7
veiga d,6.0,5.5,7
coulibaly l,5.5,5.5,7
helgason,6.0,6.0,7
berisha m,5.5,5.5,7
ramadani,6.0,6.0,7
pierotti,5.5,5.5,7
tete morente,5.5,5.5,7
banda,5.5,5.5,7
camarda,6.0,6.0,7
stulic,6.0,6.0,7
di francesco,6.0,6.0,7
maignan,5.0,4.0,7
gabbia,5.5,5.5,7
tomori,6.0,5.5,7
pavlovic,6.0,6.0,7
bartesaghi,6.0,6.0,7
athekame,5.5,5.0,7
modric,6.5,6.5,7
fofana y,6.0,5.5,7
saelemaekers,5.5,5.5,7
ricci s,6.0,6.0,7
leao,7.5,13.5,7
gimenez,6.5,6.5,7
allegri,6.5,6.5,7
milinkovic-savic v,6.0,5.0,7
juan jesus,5.5,5.0,7
spinazzola,6.5,6.5,7
buongiorno,6.0,6.0,7
di lorenzo,5.5,5.5,7
olivera,5.0,5.0,7
beukema,5.5,5.5,7
politano,6.5,6.5,7
de bruyne,6.0,6.0,7
zambo anguissa,6.0,6.0,7
elmas,5.5,5.5,7
gilmour,5.0,5.0,7
neres,5.5,5.5,7
lucca,5.0,5.0,7
lang,6.0,5.5,7
ambrosino,5.5,5.5,7
conte,5.5,5.5,7
suzuki,8.0,11.0,7
valenti,6.5,6.5,7
circati,6.5,6.5,7
delprato,6.0,6.0,7
ndiaye,4.0,3.0,7
troilo,5.0,4.5,7
britschgi,5.5,5.0,7
estevez,5.5,5.0,7
bernabè,6.0,6.0,7
keita m,6.5,6.5,7
ordonez c,6.0,6.0,7
sorensen o,6.0,6.0,7
cutrone,6.0,6.0,7
almqvist,6.0,6.0,7
pellegrino m,5.5,5.5,7
cuesta,6.0,6.0,7
semper,6.0,6.0,7
albiol,6.5,6.5,7
cuadrado,6.0,6.0,7
caracciolo a,6.0,6.0,7
bonfanti,6.0,6.0,7
canestrelli,6.5,6.0,7
angori,5.5,5.5,7
leris,6.0,6.0,7
aebischer,5.5,5.5,7
akinsanmiro,5.5,5.0,7
piccinini g,6.0,5.5,7
marin m,6.0,6.0,7
nzola,5.5,5.5,7
moreo,5.5,5.5,7
gilardino,5.5,5.5,7
svilar,5.5,4.5,7
mancini,6.5,6.5,7
ndicka,5.0,4.5,7
celik,5.5,5.5,7
hermoso,5.5,5.0,7
wesley,6.0,6.0,7
ziolkowski,6.0,5.5,7
pellegrini lo,5.5,5.5,7
cristante,6.0,6.0,7
bailey,6.0,6.0,7
konè m,6.5,6.5,7
baldanzi,6.0,5.5,7
dybala,6.0,6.0,7
soulè,5.5,5.5,7
dovbyk,5.0,5.0,7
gasperini,5.5,5.5,7
muric,6.0,6.0,7
romagna,6.0,6.0,7
walukiewicz,6.5,6.5,7
doig,6.0,5.5,7
idzes,6.5,6.5,7
candè,6.0,6.0,7
matic,6.0,6.0,7
vranckx,5.5,5.5,7
thorstvedt,5.5,5.5,7
iannoni,6.0,6.0,7
berardi,5.5,5.0,7
pierini,6.0,6.0,7
pinamonti,5.5,5.5,7
laurientè,5.5,5.5,7
cheddira,5.5,5.5,7
grosso,6.0,6.0,7
israel,6.0,5.5,7
biraghi,6.0,6.0,7
maripan,6.5,6.5,7
nkounkou,6.0,6.0,7
pedersen,5.5,5.5,7
coco,7.0,7.0,7
tameze,7.0,7.0,7
vlasic,6.5,6.5,7
asllani,6.0,6.0,7
casadei,6.0,6.0,7
gineitis,5.5,5.5,7
simeone,7.5,10.5,7
ngonge,5.5,5.5,7
adams c,6.5,6.5,7
baroni,7.0,7.0,7
okoye,6.0,5.0,7
kabasele,6.0,5.5,7
zanoli,6.5,7.5,7
kamara h,6.0,6.0,7
goglichidze,5.5,5.0,7
solet,5.0,5.0,7
zaniolo,7.0,10.0,7
karlstrom,6.0,6.0,7
ekkelenkamp,6.0,6.0,7
atta,6.5,6.5,7
piotrowski,6.0,6.0,7
davis k,6.0,6.0,7
bayo v,6.0,6.0,7
buksa,6.0,6.0,7
runjaic,6.0,6.0,7
montipò,6.0,6.0,7
frese,6.0,5.5,7
unai nunez,6.5,6.0,7
valentini n,6.0,6.0,7
nelsson,6.5,6.5,7
belghali,6.0,6.0,7
cham,5.5,5.5,7
gagliardini,5.5,5.5,7
akpa akpro,6.0,6.0,7
serdar,6.5,6.5,7
bernede,6.0,6.0,7
sarr a,6.0,6.0,7
orban g,5.0,5.0,7
mosquera,6.0,6.0,7
giovane,5.5,5.5,7
zanetti,5.5,5.5,7
carnesecchi,6.5,5.5,8
djimsiti,5.5,5.5,8
bellanova,5.5,5.5,8
hien,6.0,6.0,8
de roon,6.0,6.0,8
pasalic,5.5,5.5,8
brescianini,7.0,10.0,8
samardzic,6.5,6.5,8
zalewski,6.0,6.0,8
ederson ds,6.5,6.5,8
scamacca,6.0,5.5,8
lookman,6.0,6.0,8
de ketelaere,5.5,5.5,8
krstovic,5.0,5.0,8
juric,5.5,5.5,8
skorupski,7.0,5.0,8
miranda j,6.5,6.5,8
holm,6.0,6.0,8
lucumì,6.0,5.5,8
heggem,6.0,6.0,8
bernardeschi,5.0,5.0,8
freuler,6.0,5.5,8
orsolini,6.0,6.0,8
pobega,5.5,5.5,8
ferguson,5.5,5.5,8
fabbian,6.0,6.0,8
rowe,6.0,5.5,8
cambiaghi,7.0,10.0,8
castro s,7.0,10.0,8
dallinga,6.0,6.0,8
italiano,6.0,6.0,8
caprile,7.5,5.5,8
zappa,5.0,5.0,8
obert,6.0,6.5,8
palestra,5.5,5.5,8
idrissi r,6.5,9.5,8
zè pedro,5.0,5.0,8
gaetano,5.5,5.5,8
adopo,5.0,5.0,8
folorunsho,5.5,5.5,8
prati,5.0,5.0,8
felici,7.0,10.0,8
liteta,6.0,6.0,8
pavoletti,6.5,6.0,8
luvumbo,6.0,6.0,8
borrelli,6.0,5.5,8
pisacane,6.5,6.5,8
butez,6.5,6.5,8
diego carlos,6.5,6.0,8
vojvoda,6.0,6.0,8
moreno alb,6.0,6.0,8
kempf,6.0,6.0,8
smolcic i,5.5,5.5,8
caqueret,6.5,6.5,8
da cunha,6.0,6.0,8
perrone,6.0,6.0,8
paz n,5.5,5.5,8
baturina,6.0,6.0,8
morata,5.5,5.5,8
diao,5.5,5.5,8
douvikas,6.0,6.0,8
kuhn,6.0,6.0,8
fabregas,6.0,6.0,8
silvestri,6.5,5.5,8
bianchetti,6.0,6.0,8
terracciano f,7.0,7.0,8
baschirotto,6.5,6.5,8
barbieri,7.0,7.0,8
faye,6.0,6.0,8
folino,6.0,6.0,8
floriani mussolini,5.5,5.0,8
zerbin,6.5,6.5,8
payero,6.5,6.5,8
sarmiento j,6.0,6.0,8
vandeputte,6.5,6.5,8
sanabria,6.0,6.0,8
vardy,7.0,9.5,8
nicola,6.5,6.5,8
de gea,6.0,4.0,8
gosens,5.0,4.5,8
ranieri l,5.5,5.5,8
marì,5.5,5.5,8
pongracic,5.5,5.5,8
dodò,6.0,6.0,8
fortini,6.0,6.0,8
mandragora,5.5,5.5,8
nicolussi caviglia,5.5,5.5,8
fagioli,5.5,5.5,8
sabiri,5.5,5.5,8
gudmundsson a,6.5,9.0,8
ndour,6.0,6.0,8
dzeko,5.5,5.0,8
kean,7.0,10.0,8
pioli,5.5,5.5,8
leali,7.5,5.5,8
sabelli,5.5,3.5,8
vasquez,6.0,6.0,8
ostigard,6.0,6.0,8
norton-cuffy,6.0,6.0,8
thorsby,7.0,10.0,8
malinovskyi,6.5,6.5,8
cornet,5.0,5.0,8
frendrup,6.0,5.5,8
ellertsson,5.5,5.5,8
onana j,5.5,5.5,8
masini,5.5,5.5,8
ekuban,5.5,5.5,8
ekhator,6.0,5.5,8
vieira p,5.5,5.5,8
sommer,6.0,3.0,8
dimarco,6.0,6.0,8
acerbi,5.0,5.0,8
bastoni,6.0,5.5,8
akanji,5.0,5.0,8
dumfries,5.5,5.5,8
zielinski,5.5,5.5,8
barella,6.0,6.0,8
calhanoglu,7.0,10.0,8
mkhitaryan,5.5,5.5,8
frattesi,6.0,6.0,8
luis henrique,5.5,5.5,8
sucic p,6.0,6.0,8
martinez l,5.0,5.0,8
bonny,5.5,5.5,8
esposito fp,5.5,5.5,8
chivu,5.5,5.5,8
perin,6.0,5.0,8
kalulu,6.0,6.0,8
cambiaso,6.0,6.0,8
gatti,5.5,5.5,8
kelly l,5.5,5.0,8
locatelli,6.0,5.5,8
kostic,5.5,5.5,8
mckennie,5.5,5.0,8
thuram k,5.5,5.5,8
koopmeiners,6.0,5.5,8
conceicao,6.0,6.0,8
vlahovic,5.5,5.5,8
david,5.0,5.0,8
openda,6.0,6.0,8
yildiz,6.0,6.0,8
tudor,5.0,5.0,8
provedel,6.0,6.0,8
romagnoli,6.5,6.5,8
marusic,5.5,5.5,8
lazzari,6.0,5.5,8
pellegrini lu,6.0,6.0,8
gila,6.5,6.5,8
vecino,5.5,5.5,8
cataldi,6.5,7.5,8
zaccagni,6.0,6.0,8
guendouzi,6.5,6.0,8
basic,7.0,10.0,8
isaksen,7.0,7.0,8
dia,6.0,6.0,8
sarri,7.0,7.0,8
falcone,6.0,3.0,8
gallo,5.5,5.5,8
gaspar k,5.0,4.5,8
tiago gabriel,5.5,5.5,8
veiga d,5.0,5.0,8
maleh,6.0,6.0,8
helgason,5.0,5.0,8
berisha m,6.5,9.5,8
ramadani,6.0,6.0,8
pierotti,6.5,6.5,8
tete morente,5.5,5.5,8
sala a,6.0,7.0,8
banda,6.0,6.0,8
camarda,6.0,6.0,8
ndri,6.5,9.5,8
stulic,5.5,5.0,8
di francesco,5.5,5.5,8
maignan,5.5,3.5,8
gabbia,5.5,5.5,8
pavlovic,6.0,6.0,8
de winter,5.0,5.0,8
bartesaghi,6.0,6.0,8
athekame,6.0,8.5,8
modric,6.5,7.5,8
fofana y,6.0,6.0,8
saelemaekers,6.0,6.0,8
ricci s,6.0,6.0,8
leao,7.0,10.0,8
nkunku,5.5,5.5,8
gimenez,5.5,5.5,8
allegri,5.5,5.5,8
milinkovic-savic v,6.5,5.5,8
juan jesus,6.5,6.5,8
spinazzola,6.5,7.5,8
buongiorno,5.5,5.5,8
di lorenzo,6.5,6.0,8
olivera,5.5,5.5,8
politano,6.0,6.0,8
de bruyne,7.0,10.0,8
zambo anguissa,7.5,10.5,8
mctominay,7.0,10.0,8
gilmour,5.5,5.0,8
neres,6.5,7.5,8
conte,7.0,6.5,8
suzuki,6.0,6.0,8
valenti,6.5,6.5,8
circati,6.5,6.5,8
delprato,6.0,6.0,8
britschgi,6.0,6.0,8
hernani,6.0,6.0,8
estevez,6.0,6.0,8
bernabè,6.5,6.5,8
keita m,6.0,6.0,8
ordonez c,5.5,5.5,8
sorensen o,6.0,6.0,8
cutrone,6.0,6.0,8
benedyczak,6.0,6.0,8
pellegrino m,6.0,6.0,8
cuesta,6.5,6.5,8
semper,6.0,4.0,8
albiol,6.0,6.0,8
cuadrado,7.0,10.0,8
caracciolo a,6.0,6.0,8
calabresi,6.0,6.0,8
bonfanti,5.5,5.5,8
canestrelli,6.0,6.0,8
tramoni m,5.0,5.0,8
aebischer,6.0,5.5,8
akinsanmiro,6.5,7.5,8
tourè i,6.0,6.0,8
vural,6.0,5.5,8
nzola,7.0,9.5,8
moreo,6.0,6.0,8
meister,5.5,5.5,8
gilardino,6.5,6.0,8
svilar,6.5,6.5,8
mancini,6.5,6.0,8
ndicka,6.0,6.0,8
celik,6.5,6.5,8
hermoso,6.0,5.5,8
tsimikas,6.0,6.0,8
wesley,6.0,6.0,8
pellegrini lo,6.5,6.5,8
cristante,6.5,6.5,8
bailey,6.0,6.0,8
konè m,6.5,6.5,8
el aynaoui,6.0,6.0,8
dybala,7.0,10.0,8
soulè,6.0,6.0,8
dovbyk,6.5,6.5,8
gasperini,6.0,6.0,8
muric,6.5,5.5,8
romagna,5.5,5.5,8
walukiewicz,5.5,5.5,8
doig,6.0,5.5,8
idzes,5.5,5.5,8
candè,5.5,5.5,8
matic,5.5,5.5,8
vranckx,6.0,6.0,8
volpato,5.5,5.0,8
thorstvedt,5.0,4.5,8
konè i,5.5,5.5,8
fadera,6.0,6.0,8
berardi,5.5,5.5,8
pinamonti,5.0,5.0,8
grosso,6.0,5.5,8
paleari,7.0,6.0,8
biraghi,5.5,5.5,8
lazaro,6.5,7.5,8
maripan,7.0,10.0,8
ismajli,6.0,6.0,8
pedersen,6.0,6.0,8
coco,6.0,6.0,8
tameze,6.0,6.0,8
vlasic,5.5,5.0,8
asllani,5.0,5.0,8
casadei,5.5,5.0,8
gineitis,6.0,6.0,8
simeone,5.5,5.5,8
ngonge,6.5,6.5,8
adams c,5.5,5.5,8
baroni,6.5,6.5,8
okoye,5.0,3.0,8
kabasele,6.0,6.0,8
zanoli,6.0,6.0,8
kamara h,5.5,5.5,8
bertola,6.5,6.5,8
goglichidze,6.5,6.5,8
solet,6.0,6.0,8
zaniolo,6.5,6.5,8
karlstrom,7.0,10.0,8
ekkelenkamp,5.5,5.5,8
atta,7.5,9.5,8
piotrowski,6.5,6.5,8
davis k,7.0,9.5,8
bayo v,6.5,7.5,8
buksa,7.0,9.5,8
runjaic,6.5,6.5,8
montipò,6.0,4.0,8
bradaric,6.0,6.0,8
unai nunez,6.0,6.0,8
valentini n,6.5,6.5,8
nelsson,5.5,5.0,8
belghali,6.5,6.5,8
cham,4.5,4.5,8
bella-kotchap,6.0,6.0,8
gagliardini,7.0,9.5,8
akpa akpro,6.0,5.5,8
harroui,6.0,6.0,8
serdar,6.0,6.0,8
bernede,6.5,6.5,8
sarr a,6.0,6.0,8
orban g,6.5,9.5,8
giovane,7.0,9.0,8
zanetti,6.0,6.0,8
carnesecchi,6.0,5.0,9
zappacosta,6.5,6.5,9
djimsiti,6.0,6.0,9
bellanova,6.0,6.0,9
kossounou,6.0,6.0,9
hien,6.0,6.0,9
ahanor,5.5,5.5,9
bernasconi,6.5,6.5,9
de roon,6.0,6.0,9
pasalic,7.0,8.0,9
brescianini,6.0,5.5,9
ederson ds,6.0,6.0,9
lookman,7.0,10.0,9
de ketelaere,6.0,6.0,9
juric,6.0,6.0,9
skorupski,6.0,6.0,9
lykogiannis,6.5,6.0,9
zortea,6.0,6.0,9
lucumì,6.5,6.5,9
vitik,5.5,5.5,9
bernardeschi,6.0,6.0,9
freuler,6.0,6.0,9
orsolini,5.5,5.5,9
odgaard,5.5,5.0,9
ferguson,6.0,6.0,9
moro n,6.0,6.0,9
cambiaghi,5.5,5.5,9
castro s,5.5,5.5,9
dallinga,5.5,5.5,9
dominguez b,5.5,5.5,9
italiano,6.0,6.0,9
caprile,6.0,3.5,9
zappa,6.5,6.5,9
obert,5.0,4.5,9
palestra,6.5,6.5,9
idrissi r,5.5,5.0,9
zè pedro,5.5,5.5,9
gaetano,6.0,6.0,9
adopo,6.0,6.0,9
folorunsho,5.5,5.0,9
prati,6.0,6.0,9
felici,6.5,7.5,9
pavoletti,6.0,6.0,9
esposito se,7.0,10.0,9
borrelli,5.5,5.5,9
pisacane,5.5,5.5,9
butez,5.5,4.5,9
diego carlos,6.5,6.5,9
vojvoda,7.0,10.0,9
posch,7.0,10.0,9
valle,6.5,7.5,9
ramon,6.5,6.5,9
caqueret,6.0,7.0,9
da cunha,6.5,6.5,9
paz n,6.0,5.5,9
diao,5.5,5.5,9
douvikas,7.0,10.0,9
kuhn,5.5,5.5,9
rodriguez je,6.5,7.5,9
fabregas,7.0,7.0,9
audero,6.5,6.5,9
bianchetti,7.0,7.0,9
terracciano f,6.5,6.5,9
baschirotto,6.5,6.5,9
barbieri,6.5,6.0,9
faye,6.0,6.0,9
floriani mussolini,6.0,6.0,9
vazquez,6.0,6.0,9
bondo,6.5,6.5,9
payero,6.0,6.0,9
vandeputte,7.0,8.0,9
bonazzoli,8.0,14.0,9
vardy,6.0,6.0,9
nicola,7.5,7.5,9
de gea,7.5,4.5,9
gosens,6.0,6.0,9
marì,5.5,5.5,9
viti,5.0,4.0,9
dodò,5.5,5.5,9
comuzzo,5.0,5.0,9
mandragora,5.5,5.5,9
fagioli,5.5,5.5,9
sohm,6.0,6.0,9
gudmundsson a,5.5,5.5,9
fazzini,5.5,5.5,9
ndour,5.5,5.5,9
dzeko,6.0,6.0,9
kean,5.5,5.5,9
pioli,5.0,5.0,9
leali,6.0,3.5,9
martin,6.0,6.0,9
vasquez,6.0,6.0,9
ostigard,6.0,6.0,9
norton-cuffy,5.5,5.5,9
malinovskyi,5.5,5.5,9
cornet,5.0,5.0,9
frendrup,5.5,5.5,9
ellertsson,5.5,5.5,9
carboni v,5.5,5.0,9
masini,6.0,6.0,9
colombo,5.5,5.5,9
ekuban,5.0,5.0,9
vitinha o,5.0,4.5,9
ekhator,5.0,5.0,9
vieira p,4.0,4.0,9
sommer,6.0,6.0,9
dimarco,6.5,6.5,9
bastoni,6.5,6.5,9
akanji,7.0,7.0,9
dumfries,6.0,6.0,9
bisseck,6.5,6.5,9
barella,6.5,7.5,9
calhanoglu,8.0,14.0,9
sucic p,7.0,10.0,9
martinez l,6.0,7.0,9
bonny,6.5,6.5,9
esposito fp,6.0,5.5,9
chivu,7.0,7.0,9
di gregorio,6.0,4.5,9
kalulu,6.5,6.5,9
cambiaso,6.5,7.5,9
gatti,7.0,10.0,9
kelly l,6.0,6.0,9
locatelli,6.0,6.0,9
kostic,6.5,6.5,9
mckennie,6.0,6.0,9
vlahovic,7.0,10.0,9
david,6.0,6.0,9
openda,6.0,6.0,9
yildiz,7.0,10.0,9
brambilla,7.0,7.0,9
provedel,6.5,6.5,9
romagnoli,6.5,6.5,9
marusic,6.0,6.0,9
lazzari,6.0,6.0,9
pellegrini lu,5.5,5.5,9
gila,6.0,6.0,9
provstgaard,6.0,6.0,9
vecino,6.0,6.0,9
cataldi,6.0,6.0,9
zaccagni,6.0,6.0,9
guendouzi,6.0,5.5,9
basic,6.5,6.5,9
isaksen,5.5,5.5,9
pedro,5.5,5.0,9
dia,5.5,5.5,9
sarri,5.5,5.5,9
falcone,6.0,5.0,9
gallo,6.0,6.0,9
gaspar k,6.0,6.0,9
tiago gabriel,6.0,6.0,9
veiga d,6.5,6.5,9
maleh,6.0,6.0,9
coulibaly l,6.0,6.0,9
berisha m,6.0,6.0,9
ramadani,6.0,5.5,9
pierotti,5.5,5.5,9
pierret,6.0,6.0,9
tete morente,5.5,5.5,9
banda,6.5,6.5,9
camarda,5.0,2.0,9
ndri,5.5,5.0,9
stulic,5.5,5.5,9
di francesco,5.5,5.5,9
maignan,6.5,5.5,9
gabbia,6.0,5.5,9
tomori,5.5,5.5,9
pavlovic,6.0,6.0,9
bartesaghi,6.0,6.0,9
modric,6.0,5.5,9
loftus-cheek,6.0,6.0,9
fofana y,6.0,6.0,9
saelemaekers,5.5,5.5,9
ricci s,7.0,10.0,9
leao,5.5,5.5,9
nkunku,5.5,5.5,9
gimenez,5.0,4.5,9
allegri,6.0,6.0,9
milinkovic-savic v,7.0,10.0,9
juan jesus,5.0,5.0,9
spinazzola,6.5,6.5,9
buongiorno,6.5,6.5,9
di lorenzo,6.0,6.0,9
olivera,6.0,5.5,9
politano,5.5,5.5,9
zambo anguissa,7.0,10.0,9
elmas,5.5,5.5,9
mctominay,6.0,6.0,9
gilmour,6.5,6.5,9
neres,7.0,8.0,9
hojlund,5.5,5.5,9
lucca,5.5,5.5,9
lang,6.5,6.5,9
conte,7.0,7.0,9
suzuki,6.0,4.0,9
valenti,6.0,6.0,9
circati,7.0,10.0,9
delprato,5.5,5.0,9
britschgi,6.0,6.0,9
estevez,6.0,6.0,9
bernabè,5.0,5.0,9
ordonez c,5.5,5.0,9
sorensen o,5.5,5.5,9
cutrone,5.5,5.5,9
benedyczak,6.5,7.5,9
pellegrino m,6.0,5.5,9
cuesta,5.0,5.0,9
semper,6.5,6.5,9
cuadrado,6.5,6.0,9
caracciolo a,6.5,6.5,9
calabresi,6.0,6.0,9
canestrelli,6.0,6.0,9
angori,6.5,6.5,9
denoon,5.5,5.0,9
leris,5.5,5.5,9
tramoni m,5.5,5.5,9
aebischer,6.0,6.0,9
akinsanmiro,6.0,6.0,9
tourè i,6.0,6.0,9
marin m,6.0,6.0,9
nzola,6.0,6.0,9
moreo,6.5,6.5,9
gilardino,6.5,6.5,9
svilar,7.0,6.0,9
mancini,6.5,6.5,9
ndicka,6.0,6.0,9
celik,6.5,6.5,9
hermoso,7.0,10.0,9
rensch,5.5,5.5,9
wesley,6.0,6.0,9
cristante,6.5,6.5,9
bailey,5.5,5.5,9
konè m,7.0,7.0,9
el aynaoui,6.0,6.0,9
dybala,6.5,7.5,9
soulè,6.0,6.0,9
dovbyk,7.0,10.0,9
gasperini,7.0,7.0,9
muric,6.0,5.0,9
walukiewicz,6.0,5.5,9
coulibaly w,6.0,6.0,9
idzes,5.5,5.5,9
candè,5.5,5.5,9
matic,6.5,6.5,9
vranckx,6.0,6.0,9
volpato,7.0,8.0,9
thorstvedt,6.0,5.5,9
konè i,6.5,6.5,9
fadera,5.5,5.0,9
pinamonti,7.0,10.0,9
laurientè,7.0,10.0,9
moro l,6.0,6.0,9
grosso,6.5,6.5,9
paleari,6.5,6.5,9
lazaro,6.0,6.0,9
maripan,6.5,6.5,9
ismajli,6.0,5.5,9
pedersen,6.0,6.0,9
coco,7.0,7.0,9
tameze,6.0,5.5,9
ilic,6.0,5.5,9
vlasic,6.0,6.0,9
casadei,6.5,6.5,9
gineitis,6.0,6.0,9
simeone,5.5,5.5,9
ngonge,5.5,5.5,9
adams c,5.5,5.5,9
baroni,6.0,6.0,9
okoye,7.0,4.0,9
kabasele,5.5,5.5,9
zanoli,6.0,6.0,9
kamara h,5.5,5.5,9
ehizibue,6.0,6.0,9
goglichidze,4.0,3.5,9
solet,6.0,6.0,9
zaniolo,7.0,10.0,9
lovric,5.5,5.0,9
karlstrom,5.5,5.5,9
atta,6.0,6.0,9
piotrowski,6.0,5.5,9
miller l,6.0,5.5,9
davis k,5.5,5.5,9
bayo v,5.5,5.5,9
buksa,5.5,5.5,9
runjaic,5.0,5.0,9
montipò,6.0,3.0,9
bradaric,5.5,5.5,9
frese,5.5,5.5,9
valentini n,5.5,5.5,9
nelsson,5.0,4.5,9
belghali,6.5,6.0,9
bella-kotchap,5.5,5.5,9
gagliardini,5.5,5.0,9
niasse,5.5,5.5,9
serdar,7.0,10.0,9
bernede,5.0,5.0,9
sarr a,5.5,5.5,9
orban g,5.0,4.5,9
giovane,6.0,6.0,9
zanetti,5.5,5.5,9
carnesecchi,6.5,5.5,10
zappacosta,5.5,5.5,10
djimsiti,6.0,6.0,10
bellanova,6.0,6.0,10
kossounou,6.0,6.0,10
hien,5.5,5.5,10
pasalic,5.5,5.5,10
samardzic,5.5,5.5,10
zalewski,5.0,5.0,10
ederson ds,5.5,5.0,10
scamacca,5.5,5.5,10
lookman,5.5,5.5,10
sulemana k,5.0,5.0,10
de ketelaere,5.5,5.0,10
krstovic,5.0,4.5,10
juric,4.5,4.5,10
skorupski,6.0,5.0,10
miranda j,7.0,10.0,10
holm,6.5,7.5,10
lucumì,6.0,6.0,10
heggem,6.0,6.0,10
freuler,6.0,6.0,10
orsolini,6.0,6.0,10
odgaard,6.0,6.0,10
pobega,6.5,6.5,10
moro n,6.0,6.0,10
fabbian,6.0,6.0,10
rowe,6.5,6.5,10
cambiaghi,6.5,7.0,10
castro s,7.5,13.0,10
dallinga,6.0,6.0,10
italiano,7.0,7.0,10
caprile,6.5,4.5,10
luperto,5.0,5.0,10
mina,5.5,5.5,10
zappa,5.5,5.5,10
palestra,6.0,6.0,10
gaetano,5.5,5.0,10
adopo,5.0,5.0,10
folorunsho,6.0,6.0,10
prati,5.0,5.0,10
felici,6.0,5.5,10
esposito se,5.5,5.5,10
luvumbo,5.5,5.5,10
borrelli,5.5,5.5,10
kilicsoy,6.0,6.0,10
pisacane,5.5,5.5,10
butez,6.0,6.0,10
diego carlos,6.5,6.5,10
posch,6.0,6.0,10
valle,6.0,6.0,10
ramon,6.5,6.5,10
smolcic i,6.5,6.0,10
caqueret,6.5,6.5,10
da cunha,6.0,6.0,10
perrone,6.0,5.5,10
paz n,5.5,5.5,10
morata,5.0,2.0,10
diao,6.5,6.5,10
addai,6.0,6.0,10
fabregas,6.0,5.5,10
audero,6.5,4.5,10
bianchetti,5.5,5.0,10
terracciano f,5.0,5.0,10
baschirotto,5.5,5.5,10
barbieri,6.0,6.0,10
faye,6.0,6.0,10
floriani mussolini,5.5,5.5,10
vazquez,6.5,6.5,10
bondo,5.5,5.5,10
payero,6.0,6.0,10
sarmiento j,5.5,5.5,10
vandeputte,6.0,6.0,10
bonazzoli,5.5,5.5,10
vardy,7.0,10.0,10
johnsen,6.5,7.5,10
nicola,5.5,5.5,10
de gea,6.0,5.0,10
ranieri l,5.0,4.5,10
pongracic,5.5,5.5,10
dodò,5.5,5.5,10
comuzzo,5.5,5.5,10
fortini,5.5,5.5,10
mandragora,5.0,5.0,10
nicolussi caviglia,5.0,4.5,10
fagioli,5.0,4.5,10
sohm,5.0,5.0,10
gudmundsson a,5.5,5.5,10
fazzini,5.5,5.5,10
ndour,4.5,4.5,10
dzeko,5.0,5.0,10
kean,5.0,4.5,10
piccoli,5.0,5.0,10
pioli,4.0,4.0,10
leali,6.0,5.0,10
martin,6.5,7.5,10
vasquez,6.5,6.5,10
ostigard,7.0,10.0,10
marcandalli,6.0,5.5,10
norton-cuffy,7.0,7.0,10
thorsby,6.0,6.0,10
malinovskyi,7.0,9.5,10
messias,6.0,6.0,10
frendrup,6.0,6.0,10
ellertsson,6.0,6.0,10
masini,6.0,5.5,10
colombo,5.0,5.0,10
ekuban,6.0,6.0,10
vitinha o,5.5,5.5,10
criscito,6.0,6.0,10
sommer,5.5,4.5,10
dimarco,6.0,6.0,10
bastoni,5.5,5.5,10
akanji,6.0,6.0,10
dumfries,6.0,6.0,10
carlos augusto,6.0,6.0,10
bisseck,6.0,5.5,10
zielinski,7.0,10.0,10
barella,6.5,6.5,10
calhanoglu,7.0,8.0,10
luis henrique,5.5,5.5,10
sucic p,5.5,5.5,10
martinez l,5.5,5.5,10
bonny,5.5,5.5,10
esposito fp,6.0,6.0,10
chivu,6.0,6.0,10
di gregorio,6.0,5.0,10
kalulu,6.5,6.5,10
cambiaso,7.0,10.0,10
gatti,5.0,5.0,10
locatelli,7.0,7.0,10
kostic,7.0,10.0,10
mckennie,6.0,6.0,10
thuram k,6.0,6.0,10
koopmeiners,6.0,6.0,10
conceicao,6.0,6.0,10
vlahovic,6.5,6.5,10
openda,6.0,6.0,10
spalletti,7.0,6.5,10
provedel,6.0,6.0,10
romagnoli,6.0,6.0,10
marusic,6.5,6.5,10
lazzari,6.0,6.0,10
pellegrini lu,6.0,6.0,10
gila,6.5,6.5,10
provstgaard,6.0,6.0,10
vecino,6.0,6.0,10
cataldi,6.5,6.5,10
zaccagni,7.0,10.0,10
guendouzi,7.0,7.0,10
basic,5.5,5.5,10
isaksen,7.0,10.0,10
dia,5.0,5.0,10
sarri,6.5,6.5,10
falcone,7.0,7.0,10
gallo,6.5,6.5,10
gaspar k,6.5,6.5,10
tiago gabriel,6.5,6.5,10
veiga d,6.0,5.5,10
maleh,6.0,6.0,10
coulibaly l,6.0,6.0,10
berisha m,7.0,10.0,10
ramadani,6.5,6.5,10
pierotti,6.0,6.0,10
tete morente,6.5,7.5,10
banda,6.0,6.0,10
stulic,6.0,6.0,10
di francesco,7.0,7.0,10
maignan,7.0,10.0,10
gabbia,6.5,6.5,10
pavlovic,7.5,10.5,10
de winter,5.5,5.5,10
bartesaghi,6.0,6.0,10
modric,6.5,6.5,10
fofana y,5.5,5.0,10
saelemaekers,6.5,6.5,10
ricci s,6.0,6.0,10
leao,6.5,7.5,10
nkunku,5.5,5.5,10
allegri,6.5,6.5,10
milinkovic-savic v,7.0,10.0,10
spinazzola,5.5,5.5,10
buongiorno,6.0,6.0,10
di lorenzo,5.5,5.5,10
rrahmani,6.5,6.5,10
gutierrez,6.0,6.0,10
politano,5.5,5.0,10
zambo anguissa,6.0,5.5,10
elmas,5.5,5.0,10
mctominay,6.5,6.5,10
gilmour,6.0,6.0,10
neres,5.5,5.5,10
hojlund,5.5,5.5,10
lang,6.0,6.0,10
conte,6.0,6.0,10
suzuki,6.0,3.0,10
valenti,6.0,5.5,10
circati,5.5,5.5,10
delprato,5.5,5.5,10
ndiaye,6.0,6.0,10
britschgi,6.0,6.0,10
hernani,5.5,5.5,10
estevez,5.5,5.5,10
bernabè,7.0,10.0,10
keita m,5.5,5.5,10
ordonez c,4.5,3.5,10
sorensen o,6.0,6.0,10
cutrone,5.5,5.5,10
djuric,5.5,5.0,10
benedyczak,6.0,6.0,10
pellegrino m,6.0,6.0,10
cuesta,5.5,5.5,10
semper,6.5,4.5,10
caracciolo a,6.0,6.0,10
calabresi,6.0,6.0,10
canestrelli,5.0,5.0,10
angori,6.0,6.0,10
leris,6.5,7.5,10
aebischer,6.0,6.0,10
akinsanmiro,6.5,6.5,10
tourè i,6.0,6.0,10
hojholt,6.0,5.5,10
vural,6.0,6.0,10
nzola,6.0,6.0,10
moreo,7.5,13.5,10
meister,5.5,5.5,10
gilardino,6.0,6.0,10
svilar,7.0,6.0,10
mancini,5.5,5.0,10
ndicka,5.5,5.5,10
celik,6.0,5.5,10
hermoso,6.5,6.0,10
wesley,6.0,5.5,10
pellegrini lo,6.0,6.0,10
cristante,6.0,6.0,10
bailey,5.5,5.5,10
konè m,6.0,6.0,10
el aynaoui,6.0,5.5,10
dybala,5.0,2.0,10
soulè,6.0,6.0,10
dovbyk,5.5,5.5,10
gasperini,6.0,6.0,10
muric,5.5,3.5,10
walukiewicz,5.5,5.5,10
doig,5.5,5.5,10
coulibaly w,5.5,5.5,10
idzes,6.0,6.0,10
muharemovic,5.5,5.0,10
matic,6.5,6.5,10
vranckx,5.0,5.0,10
thorstvedt,6.5,6.5,10
konè i,6.5,6.5,10
fadera,6.0,6.0,10
berardi,7.0,10.0,10
pinamonti,5.5,5.5,10
laurientè,6.0,6.0,10
cheddira,5.5,5.5,10
grosso,6.0,6.0,10
paleari,6.0,4.0,10
biraghi,6.0,6.0,10
lazaro,6.0,6.0,10
maripan,5.5,5.5,10
ismajli,6.0,7.0,10
pedersen,6.0,5.5,10
coco,6.0,6.0,10
tameze,6.0,6.0,10
ilic,6.5,6.5,10
vlasic,5.5,5.5,10
casadei,5.5,5.0,10
gineitis,6.0,6.0,10
zapata d,5.5,5.5,10
simeone,6.5,9.5,10
ngonge,6.0,6.0,10
adams c,7.0,10.0,10
baroni,6.0,5.0,10
okoye,6.0,6.0,10
kabasele,7.0,7.0,10
zanoli,6.5,6.5,10
kamara h,7.0,7.5,10
bertola,6.5,6.5,10
ehizibue,6.0,6.0,10
palma,6.5,6.5,10
solet,6.5,6.5,10
zaniolo,7.0,10.0,10
karlstrom,6.5,6.5,10
ekkelenkamp,6.5,6.5,10
atta,7.0,7.0,10
piotrowski,6.0,6.0,10
bayo v,6.0,6.0,10
buksa,6.5,6.5,10
runjaic,7.5,7.5,10
montipò,6.5,4.5,10
bradaric,6.0,6.0,10
frese,5.5,3.5,10
nelsson,6.5,6.5,10
belghali,6.5,6.5,10
bella-kotchap,6.5,6.0,10
gagliardini,6.0,6.0,10
akpa akpro,6.0,6.0,10
niasse,6.0,6.0,10
bernede,6.0,6.0,10
orban g,6.0,6.5,10
mosquera,6.0,6.0,10
giovane,7.0,10.0,10
zanetti,6.0,5.5,10
carnesecchi,5.0,2.0,11
zappacosta,5.0,5.0,11
djimsiti,5.0,5.0,11
bellanova,5.0,5.0,11
kossounou,5.5,5.5,11
hien,4.5,4.5,11
ahanor,5.0,5.0,11
pasalic,4.5,4.5,11
samardzic,4.5,4.5,11
ederson ds,5.5,5.5,11
scamacca,5.5,5.5,11
lookman,5.0,5.0,11
de ketelaere,5.5,5.5,11
krstovic,5.0,5.0,11
juric,4.5,4.5,11
pessina mas,6.0,6.0,11
miranda j,6.5,6.5,11
holm,7.0,8.0,11
lucumì,7.5,10.5,11
heggem,6.5,6.5,11
bernardeschi,6.5,6.5,11
orsolini,6.0,5.5,11
odgaard,6.0,6.0,11
pobega,6.5,6.5,11
ferguson,6.5,6.5,11
rowe,6.0,6.0,11
cambiaghi,7.0,8.0,11
dallinga,7.0,10.0,11
italiano,7.0,7.0,11
caprile,7.0,7.0,11
luperto,6.5,6.5,11
mina,7.0,7.0,11
zappa,6.0,6.0,11
obert,5.5,5.5,11
palestra,6.5,6.5,11
gaetano,6.0,6.0,11
adopo,5.5,5.5,11
folorunsho,5.5,5.5,11
prati,6.0,5.5,11
felici,5.5,5.5,11
esposito se,5.5,5.5,11
luvumbo,5.5,5.5,11
borrelli,5.5,5.5,11
pisacane,6.5,6.5,11
butez,6.5,6.5,11
diego carlos,6.0,6.0,11
valle,6.5,6.5,11
ramon,6.5,6.5,11
smolcic i,6.0,6.0,11
caqueret,6.0,6.0,11
perrone,5.5,5.0,11
paz n,6.5,6.5,11
baturina,5.5,5.5,11
morata,4.5,4.0,11
diao,5.0,5.0,11
douvikas,5.5,5.5,11
addai,6.0,5.5,11
kuhn,6.0,6.0,11
rodriguez je,6.0,6.0,11
fabregas,6.0,6.0,11
audero,6.0,5.0,11
bianchetti,6.0,6.0,11
terracciano f,6.0,5.5,11
baschirotto,5.5,5.5,11
barbieri,5.5,5.5,11
faye,5.0,4.5,11
floriani mussolini,6.0,6.0,11
vazquez,6.5,6.5,11
bondo,6.0,6.0,11
payero,5.5,5.5,11
sarmiento j,6.0,6.0,11
vandeputte,6.5,6.5,11
bonazzoli,6.0,6.0,11
vardy,5.5,5.5,11
nicola,5.5,5.5,11
de gea,6.5,7.5,11
ranieri l,5.0,4.5,11
marì,6.0,6.0,11
parisi,6.0,6.0,11
pongracic,5.5,5.0,11
viti,6.0,6.0,11
dodò,5.5,5.0,11
fortini,6.5,6.5,11
mandragora,5.5,5.5,11
nicolussi caviglia,5.5,5.5,11
sohm,6.5,7.5,11
gudmundsson a,7.0,10.0,11
ndour,6.0,6.0,11
dzeko,6.0,6.0,11
piccoli,7.0,10.0,11
vanoli,6.5,6.0,11
leali,6.5,4.5,11
martin,6.5,7.0,11
vasquez,5.5,5.5,11
ostigard,7.0,10.0,11
marcandalli,5.0,5.0,11
norton-cuffy,6.0,6.0,11
thorsby,6.0,6.0,11
frendrup,6.0,6.0,11
ellertsson,5.5,5.0,11
carboni v,6.0,6.0,11
masini,6.0,6.0,11
colombo,5.5,5.5,11
vitinha o,5.5,5.5,11
ekhator,6.0,6.0,11
de rossi,6.0,6.0,11
sommer,6.0,6.0,11
dimarco,7.0,8.0,11
acerbi,6.0,6.0,11
bastoni,6.5,7.5,11
akanji,6.0,5.5,11
dumfries,5.5,5.0,11
carlos augusto,6.5,6.5,11
zielinski,6.5,6.5,11
barella,6.5,6.5,11
calhanoglu,6.5,6.5,11
sucic p,6.0,5.5,11
martinez l,7.0,10.0,11
thuram,6.0,6.0,11
bonny,7.0,10.0,11
chivu,7.0,7.0,11
di gregorio,6.5,6.5,11
rugani,6.0,6.0,11
kalulu,6.5,6.5,11
cambiaso,5.5,5.5,11
gatti,6.0,6.0,11
locatelli,6.0,6.0,11
mckennie,6.0,6.0,11
thuram k,6.5,6.5,11
koopmeiners,6.0,6.0,11
zhegrova,6.0,6.0,11
conceicao,6.0,6.0,11
vlahovic,5.5,5.5,11
david,5.5,5.5,11
yildiz,6.0,6.0,11
spalletti,6.0,6.0,11
provedel,6.0,4.0,11
romagnoli,5.0,5.0,11
marusic,5.5,5.5,11
lazzari,5.5,5.5,11
pellegrini lu,6.0,6.0,11
gila,5.5,5.5,11
provstgaard,6.0,6.0,11
vecino,6.0,6.0,11
cataldi,5.0,5.0,11
zaccagni,6.5,6.0,11
guendouzi,5.5,5.5,11
basic,6.0,6.0,11
isaksen,5.5,5.5,11
pedro,6.0,6.0,11
dia,5.5,5.5,11
noslin,5.5,5.5,11
sarri,5.5,5.0,11
falcone,6.0,6.0,11
gallo,7.0,7.0,11
gaspar k,6.0,6.0,11
tiago gabriel,6.5,6.5,11
veiga d,6.0,6.0,11
sottil,6.5,6.5,11
coulibaly l,5.5,5.0,11
berisha m,6.0,6.0,11
ramadani,6.0,6.0,11
pierotti,5.5,5.5,11
tete morente,5.0,5.0,11
banda,6.0,6.0,11
camarda,6.0,6.0,11
stulic,5.5,5.5,11
di francesco,6.0,6.0,11
maignan,6.0,4.0,11
gabbia,6.0,6.0,11
pavlovic,5.5,5.5,11
estupinan,5.0,5.0,11
de winter,5.5,5.5,11
bartesaghi,6.0,6.0,11
pulisic,5.5,5.5,11
modric,6.0,5.5,11
loftus-cheek,6.0,6.0,11
fofana y,5.0,5.0,11
saelemaekers,7.0,10.0,11
ricci s,5.5,5.5,11
leao,7.0,10.0,11
nkunku,6.0,7.0,11
allegri,6.0,6.0,11
milinkovic-savic v,5.5,3.5,11
buongiorno,5.5,5.5,11
di lorenzo,5.0,5.0,11
rrahmani,5.0,5.0,11
gutierrez,5.5,5.5,11
politano,5.0,5.0,11
zambo anguissa,5.5,5.5,11
lobotka,5.5,5.5,11
elmas,5.0,5.0,11
mctominay,5.5,5.5,11
neres,5.5,5.0,11
hojlund,5.0,4.5,11
lang,5.5,5.0,11
conte,5.0,5.0,11
suzuki,5.5,3.5,11
valenti,6.5,6.5,11
valeri,6.0,6.0,11
delprato,7.5,10.5,11
lovik,5.5,5.5,11
ndiaye,5.0,5.0,11
troilo,6.5,6.5,11
britschgi,7.0,9.0,11
bernabè,7.0,10.0,11
keita m,5.5,5.5,11
sorensen o,5.5,5.0,11
cutrone,6.0,6.0,11
pellegrino m,6.5,6.5,11
cuesta,6.5,6.5,11
semper,6.5,6.5,11
cuadrado,6.0,6.0,11
caracciolo a,6.5,6.5,11
calabresi,5.5,5.5,11
canestrelli,6.0,6.0,11
leris,6.5,6.5,11
tramoni m,6.5,7.5,11
aebischer,6.0,5.5,11
akinsanmiro,6.5,6.5,11
piccinini g,6.0,5.5,11
tourè i,7.0,10.0,11
marin m,6.0,5.5,11
vural,6.0,5.5,11
nzola,6.0,6.0,11
moreo,5.5,5.5,11
gilardino,6.5,6.5,11
svilar,6.5,6.5,11
mancini,6.5,7.5,11
ndicka,6.0,6.0,11
celik,7.0,10.0,11
hermoso,6.5,6.5,11
wesley,6.0,6.0,11
pellegrini lo,7.0,9.5,11
cristante,6.5,6.0,11
el shaarawy,6.0,6.0,11
konè m,6.5,6.5,11
baldanzi,6.0,6.0,11
el aynaoui,6.0,6.0,11
soulè,6.0,6.0,11
dovbyk,6.0,6.0,11
gasperini,6.5,6.5,11
muric,6.5,6.0,11
walukiewicz,6.5,6.5,11
idzes,7.0,7.0,11
candè,6.5,6.0,11
muharemovic,6.5,6.5,11
matic,7.0,7.0,11
thorstvedt,6.5,7.5,11
konè i,7.0,7.0,11
fadera,5.5,5.5,11
berardi,8.5,15.5,11
pinamonti,7.5,10.5,11
laurientè,6.0,6.0,11
grosso,7.5,7.5,11
paleari,7.0,7.0,11
lazaro,6.0,6.0,11
maripan,7.0,7.0,11
ismajli,7.0,7.0,11
pedersen,6.0,6.0,11
coco,6.5,6.5,11
ilic,6.0,6.0,11
vlasic,6.0,6.0,11
asllani,6.0,5.5,11
casadei,6.0,6.0,11
simeone,6.0,6.0,11
ngonge,6.0,6.0,11
adams c,6.0,6.0,11
baroni,6.5,6.5,11
okoye,6.0,4.0,11
kabasele,5.5,5.5,11
zanoli,5.5,5.5,11
kamara h,5.0,5.0,11
bertola,5.5,5.5,11
palma,5.5,5.5,11
solet,5.5,5.5,11
zaniolo,5.0,5.0,11
karlstrom,6.0,5.5,11
ekkelenkamp,5.5,5.5,11
atta,5.5,5.5,11
piotrowski,6.0,6.0,11
davis k,6.0,6.0,11
buksa,5.5,5.5,11
runjaic,5.5,5.5,11
montipò,7.0,7.0,11
bradaric,6.5,6.0,11
frese,6.0,5.5,11
valentini n,6.5,6.0,11
nelsson,6.5,6.5,11
belghali,6.5,6.5,11
bella-kotchap,6.0,6.0,11
gagliardini,5.5,5.5,11
akpa akpro,6.0,5.5,11
harroui,5.0,5.0,11
bernede,5.5,5.5,11
sarr a,5.5,5.5,11
orban g,6.0,6.0,11
giovane,5.5,5.5,11
zanetti,6.0,6.0,11
carnesecchi,5.5,2.5,12
zappacosta,5.5,5.0,12
djimsiti,5.0,5.0,12
bellanova,6.0,7.0,12
kossounou,6.0,6.0,12
hien,5.0,5.0,12
ahanor,4.5,4.5,12
de roon,5.5,5.0,12
pasalic,5.0,5.0,12
samardzic,6.0,6.0,12
zalewski,6.0,6.0,12
ederson ds,6.0,6.0,12
scamacca,7.0,10.0,12
lookman,5.5,5.5,12
de ketelaere,6.0,6.0,12
palladino,5.5,5.5,12
ravaglia f,6.5,6.5,12
de silvestri,6.0,5.5,12
zortea,6.0,6.0,12
miranda j,6.5,6.5,12
casale,6.5,6.5,12
heggem,6.5,6.5,12
bernardeschi,6.5,9.5,12
orsolini,6.0,4.0,12
pobega,8.0,14.0,12
moro n,6.0,6.0,12
fabbian,5.5,5.5,12
castro s,5.5,5.5,12
dallinga,6.0,6.0,12
dominguez b,5.5,5.5,12
italiano,7.5,7.5,12
caprile,5.0,2.0,12
luperto,5.5,5.0,12
mina,5.5,5.0,12
zappa,6.0,7.0,12
palestra,6.5,7.5,12
idrissi r,6.0,6.0,12
deiola,6.5,7.0,12
gaetano,6.0,6.0,12
adopo,6.0,6.0,12
folorunsho,6.0,6.0,12
prati,5.5,5.0,12
felici,5.5,5.5,12
pavoletti,5.5,5.5,12
esposito se,7.0,10.0,12
luvumbo,5.5,5.5,12
borrelli,7.5,13.5,12
pisacane,6.0,6.0,12
butez,6.0,5.0,12
diego carlos,6.5,6.5,12
vojvoda,6.0,6.0,12
valle,6.5,6.5,12
ramon,7.0,10.0,12
kempf,6.0,6.0,12
smolcic i,6.0,5.5,12
da cunha,7.0,7.0,12
perrone,7.5,9.5,12
paz n,7.0,10.0,12
baturina,6.5,9.5,12
morata,6.0,6.0,12
douvikas,6.0,6.0,12
addai,7.5,13.5,12
rodriguez je,7.0,9.0,12
fabregas,8.0,8.0,12
audero,5.5,2.5,12
bianchetti,5.0,5.0,12
pezzella giu,5.0,5.0,12
terracciano f,5.0,5.0,12
baschirotto,5.5,5.5,12
barbieri,5.5,5.5,12
folino,6.5,9.5,12
floriani mussolini,5.5,5.5,12
grassi,5.5,5.5,12
vazquez,6.0,7.0,12
bondo,5.5,5.0,12
payero,5.5,5.0,12
vandeputte,5.5,5.5,12
bonazzoli,6.0,6.0,12
vardy,5.0,5.0,12
nicola,5.0,5.0,12
de gea,6.5,5.5,12
ranieri l,6.0,6.0,12
marì,5.0,5.0,12
parisi,6.5,6.0,12
pongracic,6.0,6.0,12
dodò,5.5,5.5,12
fortini,6.5,6.5,12
kouadio,6.0,6.0,12
mandragora,7.0,9.5,12
fagioli,6.0,5.5,12
sohm,5.5,5.5,12
gudmundsson a,6.0,6.0,12
ndour,6.0,6.0,12
kean,7.0,8.0,12
piccoli,5.0,5.0,12
vanoli,6.5,6.5,12
leali,6.0,3.0,12
martin,6.5,9.5,12
vasquez,5.5,5.5,12
ostigard,6.5,9.5,12
marcandalli,5.0,5.0,12
norton-cuffy,4.5,3.5,12
thorsby,6.5,7.5,12
malinovskyi,6.0,6.0,12
frendrup,6.5,6.5,12
carboni v,5.5,5.5,12
gronbaek,5.5,5.0,12
colombo,6.5,7.5,12
ekuban,6.0,6.0,12
vitinha o,7.0,10.0,12
de rossi,6.0,6.0,12
sommer,5.5,4.5,12
dimarco,6.5,6.5,12
acerbi,6.5,6.5,12
bastoni,6.0,6.0,12
akanji,5.5,5.5,12
carlos augusto,6.0,6.0,12
zielinski,6.0,6.0,12
barella,6.0,6.0,12
calhanoglu,4.5,1.0,12
sucic p,6.0,6.0,12
martinez l,6.0,6.0,12
thuram,6.5,6.5,12
bonny,5.5,5.5,12
chivu,5.5,5.5,12
di gregorio,6.0,5.0,12
kalulu,6.0,6.0,12
cambiaso,6.0,6.0,12
cabal,5.5,5.0,12
kelly l,5.5,5.5,12
locatelli,6.5,6.5,12
kostic,7.0,10.0,12
mckennie,6.0,5.5,12
thuram k,5.5,5.5,12
koopmeiners,5.5,5.5,12
miretti,5.5,5.0,12
conceicao,6.5,6.5,12
vlahovic,5.5,5.5,12
yildiz,6.0,6.0,12
spalletti,5.5,5.5,12
provedel,6.5,6.5,12
romagnoli,6.0,6.0,12
marusic,6.5,6.5,12
lazzari,6.0,6.0,12
pellegrini lu,6.0,6.0,12
gila,6.0,6.0,12
vecino,6.0,6.0,12
cataldi,6.5,6.5,12
zaccagni,6.5,6.5,12
guendouzi,7.0,9.5,12
basic,7.0,8.0,12
isaksen,6.5,6.5,12
dia,6.0,6.0,12
noslin,6.5,9.5,12
sarri,7.5,7.5,12
falcone,6.5,4.5,12
gallo,5.5,5.5,12
gaspar k,6.0,6.0,12
tiago gabriel,5.0,5.0,12
veiga d,5.5,5.5,12
sottil,5.5,5.5,12
coulibaly l,5.5,5.5,12
berisha m,5.5,5.5,12
ramadani,6.0,6.0,12
kaba,6.0,6.0,12
pierotti,6.0,6.0,12
tete morente,5.5,5.5,12
banda,5.5,5.5,12
camarda,5.0,5.0,12
ndri,6.0,5.5,12
stulic,5.5,5.5,12
di francesco,5.0,5.0,12
maignan,8.0,11.0,12
gabbia,6.0,6.0,12
tomori,6.5,6.5,12
pavlovic,6.0,5.5,12
bartesaghi,6.5,6.5,12
rabiot,6.5,6.5,12
pulisic,7.0,10.0,12
modric,6.0,6.0,12
fofana y,6.5,6.5,12
saelemaekers,6.5,6.5,12
ricci s,6.0,6.0,12
leao,5.0,4.5,12
nkunku,6.0,6.0,12
allegri,6.5,6.5,12
milinkovic-savic v,6.0,5.0,12
juan jesus,6.0,5.5,12
buongiorno,6.5,6.5,12
di lorenzo,6.5,7.5,12
rrahmani,6.0,6.0,12
gutierrez,6.0,6.0,12
mazzocchi,6.0,6.0,12
beukema,6.5,6.5,12
politano,6.0,6.0,12
lobotka,6.0,6.0,12
elmas,6.0,6.0,12
mctominay,7.0,8.0,12
neres,7.5,13.5,12
hojlund,6.5,7.5,12
lucca,6.0,6.0,12
lang,7.0,10.0,12
conte,7.0,7.0,12
corvi,6.5,5.5,12
valenti,6.5,6.5,12
valeri,6.0,6.0,12
delprato,5.5,5.0,12
lovik,5.5,5.5,12
troilo,6.5,6.5,12
britschgi,6.0,5.5,12
bernabè,6.0,6.0,12
keita m,5.0,5.0,12
sorensen o,6.5,6.5,12
cutrone,6.0,6.0,12
benedyczak,6.0,6.0,12
pellegrino m,7.5,13.0,12
cuesta,6.5,6.5,12
semper,6.5,4.5,12
albiol,6.0,6.0,12
caracciolo a,5.5,5.5,12
calabresi,6.0,5.5,12
canestrelli,6.0,6.0,12
angori,6.0,6.0,12
leris,6.5,6.5,12
tramoni m,5.0,5.0,12
aebischer,5.5,5.5,12
piccinini g,5.5,5.5,12
tourè i,6.0,6.0,12
hojholt,5.5,5.5,12
nzola,7.0,10.0,12
moreo,7.0,7.0,12
meister,7.0,10.0,12
gilardino,6.5,6.0,12
svilar,7.0,6.0,12
mancini,6.0,6.0,12
ndicka,6.5,6.5,12
celik,6.5,6.5,12
wesley,7.0,10.0,12
ziolkowski,5.5,5.0,12
pellegrini lo,6.0,6.0,12
cristante,6.5,6.5,12
el shaarawy,6.5,7.5,12
konè m,6.5,7.5,12
baldanzi,6.0,6.0,12
el aynaoui,6.5,7.0,12
soulè,7.0,10.0,12
ferguson e,7.0,10.0,12
gasperini,7.5,6.5,12
muric,6.0,4.0,12
walukiewicz,5.5,5.0,12
doig,6.0,6.0,12
coulibaly w,4.5,4.5,12
idzes,6.0,6.0,12
candè,5.0,5.0,12
muharemovic,5.0,5.0,12
matic,7.0,10.0,12
volpato,6.5,7.5,12
thorstvedt,7.0,9.5,12
lipani,6.0,6.0,12
konè i,6.5,6.5,12
fadera,5.5,5.5,12
berardi,5.5,5.5,12
pinamonti,5.0,5.0,12
laurientè,6.0,6.0,12
grosso,6.0,6.0,12
paleari,5.0,0.0,12
masina,4.5,4.5,12
lazaro,5.0,5.0,12
maripan,4.5,4.5,12
nkounkou,5.0,5.0,12
pedersen,5.0,5.0,12
tameze,4.5,4.5,12
vlasic,7.0,10.0,12
asllani,5.0,5.0,12
casadei,5.5,5.5,12
anjorin,5.0,5.0,12
zapata d,5.0,5.0,12
ngonge,5.5,5.5,12
njie,5.0,5.0,12
aboukhlal,5.5,5.5,12
baroni,4.0,4.0,12
okoye,5.5,5.5,12
kabasele,5.5,5.5,12
zanoli,5.5,5.5,12
kamara h,6.0,6.0,12
bertola,5.0,5.0,12
ehizibue,5.0,5.0,12
zemura,6.0,6.0,12
solet,5.5,5.5,12
zaniolo,5.5,5.5,12
karlstrom,5.0,5.0,12
ekkelenkamp,5.5,5.5,12
atta,6.5,6.5,12
piotrowski,6.0,6.0,12
davis k,5.5,5.5,12
bayo v,5.5,5.5,12
buksa,5.5,5.5,12
runjaic,5.5,5.5,12
montipò,6.5,4.5,12
bradaric,5.5,5.5,12
frese,5.5,5.0,12
unai nunez,6.5,6.5,12
nelsson,5.5,5.5,12
belghali,6.0,6.0,12
bella-kotchap,6.0,6.0,12
gagliardini,6.0,5.5,12
akpa akpro,6.0,6.0,12
al-musrati,5.5,5.0,12
bernede,5.5,5.5,12
sarr a,6.0,6.0,12
orban g,6.0,6.0,12
mosquera,6.5,7.5,12
giovane,5.5,8.0,12
zanetti,5.5,5.5,12
carnesecchi,7.0,7.0,13
zappacosta,6.5,6.5,13
djimsiti,6.0,6.0,13
bellanova,6.0,6.0,13
kossounou,7.0,10.0,13
hien,6.5,6.0,13
de roon,6.5,6.5,13
pasalic,6.0,6.0,13
zalewski,6.0,6.0,13
ederson ds,6.0,6.0,13
scamacca,6.0,6.0,13
lookman,7.0,10.0,13
sulemana k,6.0,6.0,13
de ketelaere,7.0,8.0,13
krstovic,6.0,6.0,13
palladino,7.0,7.0,13
caprile,6.0,4.0,13
luperto,5.5,5.5,13
zappa,6.0,6.0,13
obert,5.5,5.0,13
palestra,7.0,8.0,13
idrissi r,5.5,5.5,13
deiola,5.5,5.0,13
adopo,5.5,5.5,13
folorunsho,5.5,5.0,13
prati,6.0,5.5,13
felici,6.0,5.5,13
liteta,5.5,5.5,13
esposito se,7.0,10.0,13
borrelli,6.0,6.0,13
pisacane,5.5,5.5,13
butez,6.0,6.0,13
diego carlos,6.0,6.0,13
vojvoda,6.0,6.0,13
moreno alb,7.0,10.0,13
posch,6.0,6.0,13
ramon,6.0,5.5,13
caqueret,6.5,6.0,13
da cunha,6.0,6.0,13
perrone,6.5,6.5,13
paz n,7.0,8.0,13
baturina,6.0,6.0,13
douvikas,7.0,10.0,13
addai,5.5,5.5,13
rodriguez je,5.5,5.5,13
fabregas,7.0,7.0,13
de gea,6.5,4.5,13
ranieri l,6.0,6.0,13
marì,5.5,5.0,13
parisi,5.5,5.5,13
pongracic,5.0,4.5,13
dodò,5.0,5.0,13
comuzzo,6.0,6.0,13
fortini,6.0,6.0,13
mandragora,5.5,5.0,13
fagioli,5.5,5.5,13
sohm,5.0,5.0,13
gudmundsson a,5.5,5.5,13
kean,5.5,5.5,13
piccoli,5.5,5.5,13
vanoli,5.0,5.0,13
leali,6.5,5.5,13
martin,6.5,6.5,13
vasquez,6.5,6.5,13
ostigard,5.5,5.5,13
marcandalli,6.0,6.0,13
thorsby,7.0,9.5,13
malinovskyi,6.0,6.0,13
frendrup,6.5,6.5,13
ellertsson,6.5,7.5,13
masini,6.0,6.0,13
colombo,7.0,10.0,13
ekuban,6.0,6.0,13
vitinha o,6.5,7.5,13
de rossi,6.5,6.0,13
sommer,6.0,6.0,13
dimarco,6.0,6.0,13
acerbi,6.0,5.5,13
bastoni,6.0,6.0,13
akanji,6.5,6.5,13
bisseck,6.0,6.0,13
zielinski,6.5,6.5,13
barella,6.5,7.5,13
calhanoglu,6.5,6.5,13
luis henrique,5.5,5.5,13
diouf,6.5,6.5,13
sucic p,5.5,5.5,13
martinez l,7.5,13.5,13
thuram,5.5,5.5,13
esposito fp,7.0,8.0,13
chivu,7.0,7.0,13
perin,6.0,5.0,13
kalulu,6.5,7.5,13
cambiaso,6.0,5.5,13
kelly l,6.0,6.0,13
locatelli,6.0,6.0,13
kostic,5.0,5.0,13
mckennie,6.5,6.5,13
thuram k,6.5,6.5,13
koopmeiners,6.0,6.0,13
miretti,6.0,6.0,13
conceicao,6.5,6.5,13
vlahovic,6.0,6.0,13
david,5.5,5.5,13
yildiz,7.5,13.5,13
spalletti,6.5,6.5,13
provedel,6.0,5.0,13
romagnoli,6.0,5.5,13
marusic,6.0,6.0,13
pellegrini lu,5.5,5.0,13
gila,5.5,5.5,13
vecino,6.0,6.0,13
zaccagni,6.0,5.5,13
guendouzi,6.0,6.0,13
basic,6.0,6.0,13
isaksen,6.0,6.0,13
dele-bashiru,5.5,5.5,13
pedro,6.0,6.0,13
dia,5.5,5.5,13
castellanos,6.0,6.0,13
sarri,5.5,5.5,13
falcone,7.5,9.5,13
gallo,6.5,6.5,13
gaspar k,6.5,6.5,13
tiago gabriel,6.0,6.0,13
veiga d,6.0,5.5,13
sottil,6.0,6.0,13
coulibaly l,7.0,10.0,13
berisha m,7.5,9.5,13
ramadani,5.5,5.0,13
pierotti,5.5,5.5,13
tete morente,4.5,4.5,13
banda,7.0,10.0,13
stulic,5.5,5.5,13
di francesco,6.5,6.5,13
maignan,7.0,7.0,13
gabbia,6.5,6.0,13
tomori,6.5,7.0,13
pavlovic,6.0,6.0,13
bartesaghi,6.5,6.5,13
rabiot,6.0,6.0,13
modric,6.0,6.0,13
loftus-cheek,6.0,6.0,13
fofana y,6.0,6.0,13
saelemaekers,6.5,6.5,13
leao,7.0,10.0,13
nkunku,5.0,5.0,13
allegri,6.5,5.5,13
milinkovic-savic v,6.5,6.5,13
buongiorno,6.5,6.5,13
di lorenzo,6.5,6.5,13
rrahmani,7.0,7.0,13
olivera,6.0,5.5,13
beukema,6.0,5.5,13
politano,6.0,6.0,13
lobotka,6.0,5.5,13
mctominay,6.5,6.5,13
neres,7.0,10.0,13
hojlund,6.5,7.5,13
lang,6.0,6.0,13
conte,7.0,7.0,13
corvi,5.0,3.0,13
valenti,5.0,5.0,13
valeri,6.0,6.0,13
delprato,5.5,5.5,13
troilo,4.5,3.5,13
britschgi,5.0,5.0,13
hernani,5.5,5.5,13
estevez,5.0,5.0,13
bernabè,5.5,5.5,13
keita m,5.5,5.0,13
ondrejka,5.5,5.5,13
sorensen o,6.0,6.0,13
cutrone,5.5,5.5,13
pellegrino m,6.0,6.0,13
cuesta,5.0,5.0,13
scuffet,6.0,4.0,13
albiol,5.5,5.0,13
caracciolo a,5.5,5.0,13
canestrelli,5.5,5.5,13
angori,6.0,6.0,13
leris,5.5,5.5,13
tramoni m,5.5,5.5,13
aebischer,5.0,5.0,13
piccinini g,6.5,6.5,13
tourè i,6.0,6.0,13
marin m,6.0,6.0,13
nzola,6.5,6.5,13
meister,6.0,6.0,13
gilardino,5.5,5.5,13
svilar,6.5,5.5,13
mancini,6.0,6.0,13
ndicka,5.5,5.0,13
celik,6.0,6.0,13
hermoso,6.0,6.0,13
wesley,5.5,5.5,13
pellegrini lo,6.5,6.5,13
cristante,5.0,4.5,13
konè m,5.0,5.0,13
baldanzi,6.0,5.5,13
el aynaoui,6.0,6.0,13
dybala,6.0,6.0,13
soulè,5.0,5.0,13
ferguson e,5.5,5.5,13
gasperini,5.0,5.0,13
muric,5.5,3.5,13
walukiewicz,6.0,6.0,13
doig,6.0,6.0,13
idzes,5.0,5.0,13
muharemovic,5.0,5.0,13
matic,6.0,6.0,13
volpato,5.5,5.5,13
thorstvedt,6.0,6.0,13
konè i,5.0,4.5,13
fadera,5.5,5.5,13
berardi,6.0,6.0,13
pinamonti,5.0,5.0,13
laurientè,5.5,5.5,13
moro l,5.5,5.5,13
grosso,5.5,5.5,13
israel,6.0,4.0,13
masina,6.0,6.0,13
lazaro,6.0,6.0,13
maripan,5.5,5.5,13
nkounkou,5.5,5.5,13
pedersen,5.5,5.5,13
coco,6.0,5.5,13
tameze,5.0,5.0,13
vlasic,6.0,7.0,13
asllani,4.5,1.5,13
casadei,5.5,5.0,13
gineitis,5.0,5.0,13
zapata d,6.0,6.0,13
ngonge,5.5,5.0,13
adams c,6.5,9.5,13
aboukhlal,5.5,5.5,13
baroni,5.0,5.0,13
okoye,6.0,6.0,13
kabasele,6.5,6.5,13
zanoli,6.0,6.0,13
bertola,7.0,8.0,13
zemura,6.0,6.0,13
solet,6.5,6.5,13
zaniolo,7.0,10.0,13
karlstrom,7.0,7.0,13
ekkelenkamp,6.0,6.0,13
atta,6.0,5.5,13
piotrowski,6.0,6.0,13
davis k,7.5,10.0,13
buksa,6.0,6.0,13
runjaic,7.0,6.0,13
montipò,6.0,4.0,13
bradaric,6.0,6.0,13
frese,5.5,5.5,13
unai nunez,6.0,5.5,13
valentini n,5.5,5.5,13
nelsson,5.5,5.5,13
belghali,6.5,9.5,13
gagliardini,5.5,5.0,13
niasse,5.5,5.5,13
bernede,5.5,5.5,13
sarr a,5.5,5.5,13
orban g,5.5,5.5,13
mosquera,6.5,6.0,13
giovane,6.0,6.0,13
zanetti,5.0,5.0,13
